-- phpMyAdmin SQL Dump
-- version 4.2.7.1
-- http://www.phpmyadmin.net
--
-- Servidor: 127.0.0.1
-- Tiempo de generación: 23-10-2014 a las 19:48:54
-- Versión del servidor: 5.6.20
-- Versión de PHP: 5.5.15

SET SQL_MODE = "NO_AUTO_VALUE_ON_ZERO";
SET time_zone = "+00:00";


/*!40101 SET @OLD_CHARACTER_SET_CLIENT=@@CHARACTER_SET_CLIENT */;
/*!40101 SET @OLD_CHARACTER_SET_RESULTS=@@CHARACTER_SET_RESULTS */;
/*!40101 SET @OLD_COLLATION_CONNECTION=@@COLLATION_CONNECTION */;
/*!40101 SET NAMES utf8 */;

--
-- Base de datos: `ind_ext`
--

-- --------------------------------------------------------

--
-- Estructura de tabla para la tabla `acceso`
--

CREATE TABLE IF NOT EXISTS `acceso` (
`idacceso` int(11) NOT NULL,
  `url` varchar(135) NOT NULL,
  `tipo_usuario_idtipo_usuario` int(11) NOT NULL
) ENGINE=InnoDB  DEFAULT CHARSET=utf8 AUTO_INCREMENT=98 ;

--
-- Volcado de datos para la tabla `acceso`
--

INSERT INTO `acceso` (`idacceso`, `url`, `tipo_usuario_idtipo_usuario`) VALUES
(1, 'authentication/login', 1),
(2, 'authentication/login', 2),
(3, 'authentication/login', 3),
(4, 'authentication/logout', 1),
(5, 'authentication/logout', 2),
(6, 'authentication/logout', 3),
(7, 'error/access_denied', 1),
(8, 'error/access_denied', 2),
(9, 'error/access_denied', 3),
(10, 'home', 1),
(11, 'home', 2),
(12, 'home', 3),
(13, 'indicators/indicators_list', 1),
(14, 'indicators/indicators_list', 2),
(15, 'indicators/indicators_list', 3),
(16, 'chart/create_chart/ins011/15', 1),
(17, 'chart/create_chart/inv001/1', 1),
(18, 'chart/create_chart/inv002/2', 1),
(19, 'chart/create_chart/inv003/3', 1),
(20, 'chart/create_chart/inv004/4', 1),
(21, 'chart/create_chart/inv005/5', 1),
(22, 'chart/create_chart/inv006/6', 1),
(23, 'chart/create_chart/prc001/16', 1),
(24, 'chart/create_chart/prc002/17', 1),
(25, 'chart/create_chart/prc003/18', 1),
(26, 'chart/create_chart/prc004/19', 1),
(27, 'chart/create_chart/prc005/20', 1),
(28, 'chart/create_chart/rh001/7', 1),
(29, 'chart/create_chart/rh002/8', 1),
(30, 'chart/create_chart/rh003/9', 1),
(31, 'chart/create_chart/rh004/10', 1),
(32, 'chart/create_chart/rh004/11', 1),
(33, 'chart/create_chart/rh005/12', 1),
(34, 'chart/create_chart/rh006/13', 1),
(35, 'chart/create_chart/rh007/14', 1),
(36, 'chart/create_chart/ins011/15', 2),
(37, 'chart/create_chart/inv001/1', 2),
(38, 'chart/create_chart/inv002/2', 2),
(39, 'chart/create_chart/inv003/3', 2),
(40, 'chart/create_chart/inv004/4', 2),
(41, 'chart/create_chart/inv005/5', 2),
(42, 'chart/create_chart/inv006/6', 2),
(43, 'chart/create_chart/prc001/16', 2),
(44, 'chart/create_chart/prc002/17', 2),
(45, 'chart/create_chart/prc003/18', 2),
(46, 'chart/create_chart/prc004/19', 2),
(47, 'chart/create_chart/prc005/20', 2),
(48, 'chart/create_chart/rh001/7', 2),
(49, 'chart/create_chart/rh002/8', 2),
(50, 'chart/create_chart/rh003/9', 2),
(51, 'chart/create_chart/rh004/10', 2),
(52, 'chart/create_chart/rh004/11', 2),
(53, 'chart/create_chart/rh005/12', 2),
(54, 'chart/create_chart/rh006/13', 2),
(55, 'chart/create_chart/rh007/14', 2),
(56, 'chart/create_chart/ins011/15', 3),
(57, 'chart/create_chart/inv001/1', 3),
(58, 'chart/create_chart/inv002/2', 3),
(59, 'chart/create_chart/inv003/3', 3),
(60, 'chart/create_chart/inv004/4', 3),
(61, 'chart/create_chart/inv005/5', 3),
(62, 'chart/create_chart/inv006/6', 3),
(63, 'chart/create_chart/prc001/16', 3),
(64, 'chart/create_chart/prc002/17', 3),
(65, 'chart/create_chart/prc003/18', 3),
(66, 'chart/create_chart/prc004/19', 3),
(67, 'chart/create_chart/prc005/20', 3),
(68, 'chart/create_chart/rh001/7', 3),
(69, 'chart/create_chart/rh002/8', 3),
(70, 'chart/create_chart/rh003/9', 3),
(71, 'chart/create_chart/rh004/10', 3),
(72, 'chart/create_chart/rh004/11', 3),
(73, 'chart/create_chart/rh005/12', 3),
(74, 'chart/create_chart/rh006/13', 3),
(75, 'chart/create_chart/rh007/14', 3),
(76, 'chart/create_chart', 1),
(77, 'chart/create_chart', 2),
(78, 'chart/create_chart', 3),
(79, 'system', 3),
(80, 'system/users', 3),
(81, 'system/groups', 3),
(82, 'system/access', 3),
(83, 'data', 2),
(85, 'data/xml_file', 2),
(87, 'data/save_data', 2),
(89, 'data/load_data', 2),
(91, 'data/update_data', 2),
(93, 'system/delete_user', 3),
(94, 'system/create_user', 3),
(95, 'system/get_user', 3),
(96, 'system/update_user', 3),
(97, 'system/audit', 3);

-- --------------------------------------------------------

--
-- Estructura de tabla para la tabla `auditoria`
--

CREATE TABLE IF NOT EXISTS `auditoria` (
`idauditoria` int(11) NOT NULL,
  `valor` varchar(45) NOT NULL,
  `anho` varchar(45) NOT NULL,
  `fecha` datetime NOT NULL,
  `usuario_idusuario` int(11) NOT NULL,
  `dato_iddato` int(11) NOT NULL
) ENGINE=InnoDB  DEFAULT CHARSET=utf8 AUTO_INCREMENT=1941 ;

--
-- Volcado de datos para la tabla `auditoria`
--

INSERT INTO `auditoria` (`idauditoria`, `valor`, `anho`, `fecha`, `usuario_idusuario`, `dato_iddato`) VALUES
(389, '1', '2010', '2013-09-06 10:11:38', 9, 1),
(390, '1', '2010', '2013-09-06 10:11:38', 9, 2),
(391, '1', '2010', '2013-09-06 10:11:38', 9, 3),
(392, '1', '2010', '2013-09-06 10:11:38', 9, 4),
(393, '1233800000', '2010', '2013-09-06 10:11:38', 9, 5),
(394, '', '2010', '2013-09-06 10:11:38', 9, 6),
(395, '', '2010', '2013-09-06 10:11:38', 9, 7),
(396, '', '2010', '2013-09-06 10:11:38', 9, 8),
(397, '', '2010', '2013-09-06 10:11:38', 9, 9),
(398, '', '2010', '2013-09-06 10:11:38', 9, 10),
(399, '', '2010', '2013-09-06 10:11:38', 9, 11),
(400, '', '2010', '2013-09-06 10:11:38', 9, 12),
(401, '', '2010', '2013-09-06 10:11:38', 9, 13),
(402, '', '2010', '2013-09-06 10:11:38', 9, 14),
(403, '', '2010', '2013-09-06 10:11:38', 9, 15),
(404, '', '2010', '2013-09-06 10:11:38', 9, 16),
(405, '', '2010', '2013-09-06 10:11:38', 9, 17),
(406, '', '2010', '2013-09-06 10:11:38', 9, 18),
(407, '', '2010', '2013-09-06 10:11:38', 9, 19),
(408, '', '2010', '2013-09-06 10:11:38', 9, 20),
(409, '', '2010', '2013-09-06 10:11:38', 9, 21),
(410, '', '2010', '2013-09-06 10:11:38', 9, 22),
(411, '', '2010', '2013-09-06 10:11:38', 9, 23),
(412, '', '2010', '2013-09-06 10:11:38', 9, 24),
(413, '', '2010', '2013-09-06 10:11:38', 9, 25),
(414, '', '2010', '2013-09-06 10:11:38', 9, 26),
(415, '', '2010', '2013-09-06 10:11:38', 9, 27),
(416, '', '2010', '2013-09-06 10:11:38', 9, 28),
(417, '', '2010', '2013-09-06 10:11:38', 9, 29),
(418, '', '2010', '2013-09-06 10:11:38', 9, 30),
(419, '', '2010', '2013-09-06 10:11:38', 9, 31),
(420, '', '2010', '2013-09-06 10:11:38', 9, 32),
(421, '', '2010', '2013-09-06 10:11:38', 9, 33),
(422, '', '2010', '2013-09-06 10:11:38', 9, 34),
(423, '', '2010', '2013-09-06 10:11:38', 9, 35),
(424, '', '2010', '2013-09-06 10:11:38', 9, 36),
(425, '', '2010', '2013-09-06 10:11:38', 9, 37),
(426, '', '2010', '2013-09-06 10:11:38', 9, 38),
(427, '', '2010', '2013-09-06 10:11:38', 9, 39),
(428, '', '2010', '2013-09-06 10:11:38', 9, 40),
(429, '', '2010', '2013-09-06 10:11:38', 9, 41),
(430, '', '2010', '2013-09-06 10:11:38', 9, 42),
(431, '', '2010', '2013-09-06 10:11:38', 9, 43),
(432, '', '2010', '2013-09-06 10:11:38', 9, 44),
(433, '', '2010', '2013-09-06 10:11:38', 9, 45),
(434, '', '2010', '2013-09-06 10:11:38', 9, 46),
(435, '', '2010', '2013-09-06 10:11:38', 9, 47),
(436, '', '2010', '2013-09-06 10:11:38', 9, 48),
(437, '', '2010', '2013-09-06 10:11:38', 9, 49),
(438, '', '2010', '2013-09-06 10:11:38', 9, 50),
(439, '', '2010', '2013-09-06 10:11:38', 9, 51),
(440, '', '2010', '2013-09-06 10:11:38', 9, 52),
(441, '', '2010', '2013-09-06 10:11:38', 9, 53),
(442, '', '2010', '2013-09-06 10:11:38', 9, 54),
(443, '', '2010', '2013-09-06 10:11:38', 9, 55),
(444, '', '2010', '2013-09-06 10:11:38', 9, 56),
(445, '', '2010', '2013-09-06 10:11:38', 9, 57),
(446, '', '2010', '2013-09-06 10:11:38', 9, 58),
(447, '', '2010', '2013-09-06 10:11:38', 9, 59),
(448, '', '2010', '2013-09-06 10:11:38', 9, 60),
(449, '', '2010', '2013-09-06 10:11:38', 9, 61),
(450, '', '2010', '2013-09-06 10:11:38', 9, 62),
(451, '', '2010', '2013-09-06 10:11:38', 9, 63),
(452, '', '2010', '2013-09-06 10:11:38', 9, 64),
(453, '', '2010', '2013-09-06 10:11:38', 9, 65),
(454, '', '2010', '2013-09-06 10:11:38', 9, 66),
(455, '', '2010', '2013-09-06 10:11:38', 9, 67),
(456, '', '2010', '2013-09-06 10:11:38', 9, 68),
(457, '', '2010', '2013-09-06 10:11:38', 9, 69),
(458, '', '2010', '2013-09-06 10:11:38', 9, 70),
(459, '', '2010', '2013-09-06 10:11:38', 9, 71),
(460, '', '2010', '2013-09-06 10:11:38', 9, 72),
(461, '', '2010', '2013-09-06 10:11:38', 9, 73),
(462, '', '2010', '2013-09-06 10:11:38', 9, 74),
(463, '', '2010', '2013-09-06 10:11:38', 9, 75),
(464, '', '2010', '2013-09-06 10:11:38', 9, 76),
(465, '', '2010', '2013-09-06 10:11:38', 9, 77),
(466, '', '2010', '2013-09-06 10:11:38', 9, 78),
(467, '', '2010', '2013-09-06 10:11:38', 9, 79),
(468, '', '2010', '2013-09-06 10:11:38', 9, 80),
(469, '', '2010', '2013-09-06 10:11:38', 9, 81),
(470, '', '2010', '2013-09-06 10:11:38', 9, 82),
(471, '', '2010', '2013-09-06 10:11:38', 9, 83),
(472, '', '2010', '2013-09-06 10:11:38', 9, 84),
(473, '', '2010', '2013-09-06 10:11:38', 9, 85),
(474, '', '2010', '2013-09-06 10:11:38', 9, 86),
(475, '', '2010', '2013-09-06 10:11:38', 9, 87),
(476, '', '2010', '2013-09-06 10:11:38', 9, 88),
(477, '', '2010', '2013-09-06 10:11:38', 9, 89),
(478, '', '2010', '2013-09-06 10:11:38', 9, 90),
(479, '', '2010', '2013-09-06 10:11:38', 9, 91),
(480, '', '2010', '2013-09-06 10:11:38', 9, 92),
(481, '', '2010', '2013-09-06 10:11:38', 9, 93),
(482, '', '2010', '2013-09-06 10:11:38', 9, 94),
(483, '', '2010', '2013-09-06 10:11:38', 9, 95),
(484, '', '2010', '2013-09-06 10:11:38', 9, 96),
(485, '', '2010', '2013-09-06 10:11:38', 9, 97),
(486, '4813', '2011', '2013-09-06 15:07:15', 9, 1),
(487, '1005', '2011', '2013-09-06 15:07:15', 9, 2),
(488, '0', '2011', '2013-09-06 15:07:15', 9, 3),
(489, '0', '2011', '2013-09-06 15:07:15', 9, 4),
(490, '768', '2011', '2013-09-06 15:07:15', 9, 5),
(491, '1939', '2011', '2013-09-06 15:07:15', 9, 6),
(492, '323', '2011', '2013-09-06 15:07:15', 9, 7),
(493, '287', '2011', '2013-09-06 15:07:15', 9, 8),
(494, '984', '2011', '2013-09-06 15:07:15', 9, 9),
(495, '448', '2011', '2013-09-06 15:07:15', 9, 10),
(496, '1413', '2011', '2013-09-06 15:07:15', 9, 11),
(497, '0', '2011', '2013-09-06 15:07:15', 9, 12),
(498, '0', '2011', '2013-09-06 15:07:15', 9, 13),
(499, '0', '2011', '2013-09-06 15:07:15', 9, 14),
(500, '0', '2011', '2013-09-06 15:07:15', 9, 15),
(501, '0', '2011', '2013-09-06 15:07:15', 9, 16),
(502, '0', '2011', '2013-09-06 15:07:15', 9, 17),
(503, '0', '2011', '2013-09-06 15:07:15', 9, 18),
(504, '0', '2011', '2013-09-06 15:07:15', 9, 19),
(505, '0', '2011', '2013-09-06 15:07:15', 9, 20),
(506, '0', '2011', '2013-09-06 15:07:15', 9, 21),
(507, '0', '2011', '2013-09-06 15:07:15', 9, 22),
(508, '0', '2011', '2013-09-06 15:07:15', 9, 23),
(509, '282', '2011', '2013-09-06 15:07:15', 9, 24),
(510, '255', '2011', '2013-09-06 15:07:15', 9, 25),
(511, '537', '2011', '2013-09-06 15:07:15', 9, 26),
(512, '162', '2011', '2013-09-06 15:07:15', 9, 27),
(513, '225', '2011', '2013-09-06 15:07:15', 9, 28),
(514, '109', '2011', '2013-09-06 15:07:15', 9, 29),
(515, '59', '2011', '2013-09-06 15:07:15', 9, 30),
(516, '23', '2011', '2013-09-06 15:07:15', 9, 31),
(517, '49', '2011', '2013-09-06 15:07:15', 9, 32),
(518, '61', '2011', '2013-09-06 15:07:15', 9, 33),
(519, '160', '2011', '2013-09-06 15:07:15', 9, 34),
(520, '175', '2011', '2013-09-06 15:07:15', 9, 35),
(521, '11', '2011', '2013-09-06 15:07:15', 9, 36),
(522, '7', '2011', '2013-09-06 15:07:15', 9, 37),
(523, '4', '2011', '2013-09-06 15:07:15', 9, 38),
(524, '14', '2011', '2013-09-06 15:07:15', 9, 39),
(525, '18', '2011', '2013-09-06 15:07:15', 9, 40),
(526, '13', '2011', '2013-09-06 15:07:15', 9, 41),
(527, '18', '2011', '2013-09-06 15:07:15', 9, 42),
(528, '26', '2011', '2013-09-06 15:07:15', 9, 43),
(529, '17', '2011', '2013-09-06 15:07:15', 9, 44),
(530, '14', '2011', '2013-09-06 15:07:15', 9, 45),
(531, '31', '2011', '2013-09-06 15:07:15', 9, 46),
(532, '10', '2011', '2013-09-06 15:07:15', 9, 47),
(533, '45', '2011', '2013-09-06 15:07:15', 9, 48),
(534, '83', '2011', '2013-09-06 15:07:15', 9, 49),
(535, '29', '2011', '2013-09-06 15:07:15', 9, 50),
(536, '31', '2011', '2013-09-06 15:07:15', 9, 51),
(537, '67', '2011', '2013-09-06 15:07:15', 9, 52),
(538, '53', '2011', '2013-09-06 15:07:15', 9, 53),
(539, '26', '2011', '2013-09-06 15:07:15', 9, 54),
(540, '78', '2011', '2013-09-06 15:07:15', 9, 55),
(541, '24', '2011', '2013-09-06 15:07:15', 9, 56),
(542, '7386', '2011', '2013-09-06 15:07:15', 9, 57),
(543, '87', '2011', '2013-09-06 15:07:15', 9, 58),
(544, '8', '2011', '2013-09-06 15:07:15', 9, 59),
(545, '20', '2011', '2013-09-06 15:07:15', 9, 60),
(546, '4', '2011', '2013-09-06 15:07:15', 9, 61),
(547, '', '2011', '2013-09-06 15:07:15', 9, 62),
(548, '402', '2011', '2013-09-06 15:07:15', 9, 63),
(549, '', '2011', '2013-09-06 15:07:15', 9, 64),
(550, '', '2011', '2013-09-06 15:07:15', 9, 65),
(551, '16', '2011', '2013-09-06 15:07:15', 9, 66),
(552, '6', '2011', '2013-09-06 15:07:15', 9, 67),
(553, '21', '2011', '2013-09-06 15:07:15', 9, 68),
(554, '48', '2011', '2013-09-06 15:07:15', 9, 69),
(555, '25', '2011', '2013-09-06 15:07:15', 9, 70),
(556, '51', '2011', '2013-09-06 15:07:15', 9, 71),
(557, '112', '2011', '2013-09-06 15:07:15', 9, 72),
(558, '139', '2011', '2013-09-06 15:07:15', 9, 73),
(559, '20', '2011', '2013-09-06 15:07:15', 9, 74),
(560, '48', '2011', '2013-09-06 15:07:15', 9, 75),
(561, '23', '2011', '2013-09-06 15:07:15', 9, 76),
(562, '47', '2011', '2013-09-06 15:07:15', 9, 77),
(563, '110', '2011', '2013-09-06 15:07:15', 9, 78),
(564, '139', '2011', '2013-09-06 15:07:15', 9, 79),
(565, '4', '2011', '2013-09-06 15:07:15', 9, 80),
(566, '1', '2011', '2013-09-06 15:07:15', 9, 81),
(567, '0', '2011', '2013-09-06 15:07:15', 9, 82),
(568, '2', '2011', '2013-09-06 15:07:15', 9, 83),
(569, '4', '2011', '2013-09-06 15:07:15', 9, 84),
(570, '2', '2011', '2013-09-06 15:07:15', 9, 85),
(571, '0', '2011', '2013-09-06 15:07:15', 9, 86),
(572, '2', '2011', '2013-09-06 15:07:15', 9, 87),
(573, '0', '2011', '2013-09-06 15:07:15', 9, 88),
(574, '3', '2011', '2013-09-06 15:07:15', 9, 89),
(575, '6', '2011', '2013-09-06 15:07:15', 9, 90),
(576, '31', '2011', '2013-09-06 15:07:15', 9, 91),
(577, '3', '2011', '2013-09-06 15:07:15', 9, 92),
(578, '24', '2011', '2013-09-06 15:07:15', 9, 93),
(579, '83', '2011', '2013-09-06 15:07:15', 9, 94),
(580, '55', '2011', '2013-09-06 15:07:15', 9, 95),
(581, '64', '2011', '2013-09-06 15:07:15', 9, 96),
(582, '123', '2011', '2013-09-06 15:07:15', 9, 97),
(583, '4813', '2011', '2014-03-25 11:01:02', 9, 1),
(584, '1005', '2011', '2014-03-25 11:01:02', 9, 2),
(585, '1', '2011', '2014-03-25 11:01:02', 9, 3),
(586, '0', '2011', '2014-03-25 11:01:02', 9, 4),
(587, '768', '2011', '2014-03-25 11:01:02', 9, 5),
(588, '1939', '2011', '2014-03-25 11:01:02', 9, 6),
(589, '323', '2011', '2014-03-25 11:01:02', 9, 7),
(590, '287', '2011', '2014-03-25 11:01:02', 9, 8),
(591, '984', '2011', '2014-03-25 11:01:02', 9, 9),
(592, '448', '2011', '2014-03-25 11:01:02', 9, 10),
(593, '1413', '2011', '2014-03-25 11:01:02', 9, 11),
(594, '0', '2011', '2014-03-25 11:01:02', 9, 12),
(595, '0', '2011', '2014-03-25 11:01:02', 9, 13),
(596, '0', '2011', '2014-03-25 11:01:02', 9, 14),
(597, '0', '2011', '2014-03-25 11:01:02', 9, 15),
(598, '0', '2011', '2014-03-25 11:01:02', 9, 16),
(599, '0', '2011', '2014-03-25 11:01:02', 9, 17),
(600, '0', '2011', '2014-03-25 11:01:02', 9, 18),
(601, '0', '2011', '2014-03-25 11:01:02', 9, 19),
(602, '0', '2011', '2014-03-25 11:01:02', 9, 20),
(603, '0', '2011', '2014-03-25 11:01:02', 9, 21),
(604, '0', '2011', '2014-03-25 11:01:02', 9, 22),
(605, '0', '2011', '2014-03-25 11:01:02', 9, 23),
(606, '282', '2011', '2014-03-25 11:01:02', 9, 24),
(607, '255', '2011', '2014-03-25 11:01:02', 9, 25),
(608, '537', '2011', '2014-03-25 11:01:02', 9, 26),
(609, '162', '2011', '2014-03-25 11:01:02', 9, 27),
(610, '225', '2011', '2014-03-25 11:01:02', 9, 28),
(611, '109', '2011', '2014-03-25 11:01:02', 9, 29),
(612, '59', '2011', '2014-03-25 11:01:02', 9, 30),
(613, '23', '2011', '2014-03-25 11:01:02', 9, 31),
(614, '49', '2011', '2014-03-25 11:01:02', 9, 32),
(615, '61', '2011', '2014-03-25 11:01:02', 9, 33),
(616, '160', '2011', '2014-03-25 11:01:02', 9, 34),
(617, '175', '2011', '2014-03-25 11:01:02', 9, 35),
(618, '11', '2011', '2014-03-25 11:01:02', 9, 36),
(619, '7', '2011', '2014-03-25 11:01:02', 9, 37),
(620, '4', '2011', '2014-03-25 11:01:02', 9, 38),
(621, '14', '2011', '2014-03-25 11:01:02', 9, 39),
(622, '18', '2011', '2014-03-25 11:01:02', 9, 40),
(623, '13', '2011', '2014-03-25 11:01:02', 9, 41),
(624, '18', '2011', '2014-03-25 11:01:02', 9, 42),
(625, '26', '2011', '2014-03-25 11:01:02', 9, 43),
(626, '17', '2011', '2014-03-25 11:01:02', 9, 44),
(627, '14', '2011', '2014-03-25 11:01:02', 9, 45),
(628, '31', '2011', '2014-03-25 11:01:02', 9, 46),
(629, '10', '2011', '2014-03-25 11:01:02', 9, 47),
(630, '45', '2011', '2014-03-25 11:01:02', 9, 48),
(631, '83', '2011', '2014-03-25 11:01:02', 9, 49),
(632, '29', '2011', '2014-03-25 11:01:02', 9, 50),
(633, '31', '2011', '2014-03-25 11:01:02', 9, 51),
(634, '67', '2011', '2014-03-25 11:01:02', 9, 52),
(635, '53', '2011', '2014-03-25 11:01:02', 9, 53),
(636, '26', '2011', '2014-03-25 11:01:02', 9, 54),
(637, '78', '2011', '2014-03-25 11:01:02', 9, 55),
(638, '24', '2011', '2014-03-25 11:01:02', 9, 56),
(639, '7386', '2011', '2014-03-25 11:01:02', 9, 57),
(640, '87', '2011', '2014-03-25 11:01:02', 9, 58),
(641, '8', '2011', '2014-03-25 11:01:02', 9, 59),
(642, '20', '2011', '2014-03-25 11:01:02', 9, 60),
(643, '4', '2011', '2014-03-25 11:01:02', 9, 61),
(644, '', '2011', '2014-03-25 11:01:02', 9, 62),
(645, '402', '2011', '2014-03-25 11:01:02', 9, 63),
(646, '', '2011', '2014-03-25 11:01:02', 9, 64),
(647, '', '2011', '2014-03-25 11:01:02', 9, 65),
(648, '16', '2011', '2014-03-25 11:01:02', 9, 66),
(649, '6', '2011', '2014-03-25 11:01:02', 9, 67),
(650, '21', '2011', '2014-03-25 11:01:02', 9, 68),
(651, '48', '2011', '2014-03-25 11:01:02', 9, 69),
(652, '25', '2011', '2014-03-25 11:01:02', 9, 70),
(653, '51', '2011', '2014-03-25 11:01:02', 9, 71),
(654, '112', '2011', '2014-03-25 11:01:02', 9, 72),
(655, '139', '2011', '2014-03-25 11:01:02', 9, 73),
(656, '20', '2011', '2014-03-25 11:01:02', 9, 74),
(657, '48', '2011', '2014-03-25 11:01:02', 9, 75),
(658, '23', '2011', '2014-03-25 11:01:02', 9, 76),
(659, '47', '2011', '2014-03-25 11:01:02', 9, 77),
(660, '110', '2011', '2014-03-25 11:01:02', 9, 78),
(661, '139', '2011', '2014-03-25 11:01:02', 9, 79),
(662, '4', '2011', '2014-03-25 11:01:02', 9, 80),
(663, '1', '2011', '2014-03-25 11:01:02', 9, 81),
(664, '0', '2011', '2014-03-25 11:01:02', 9, 82),
(665, '2', '2011', '2014-03-25 11:01:02', 9, 83),
(666, '4', '2011', '2014-03-25 11:01:02', 9, 84),
(667, '2', '2011', '2014-03-25 11:01:02', 9, 85),
(668, '0', '2011', '2014-03-25 11:01:02', 9, 86),
(669, '2', '2011', '2014-03-25 11:01:02', 9, 87),
(670, '0', '2011', '2014-03-25 11:01:02', 9, 88),
(671, '3', '2011', '2014-03-25 11:01:02', 9, 89),
(672, '6', '2011', '2014-03-25 11:01:02', 9, 90),
(673, '31', '2011', '2014-03-25 11:01:02', 9, 91),
(674, '3', '2011', '2014-03-25 11:01:02', 9, 92),
(675, '24', '2011', '2014-03-25 11:01:02', 9, 93),
(676, '83', '2011', '2014-03-25 11:01:02', 9, 94),
(677, '55', '2011', '2014-03-25 11:01:02', 9, 95),
(678, '64', '2011', '2014-03-25 11:01:02', 9, 96),
(679, '123', '2011', '2014-03-25 11:01:02', 9, 97),
(680, '4813', '2011', '2014-03-25 11:03:12', 9, 1),
(681, '1005', '2011', '2014-03-25 11:03:12', 9, 2),
(682, '8', '2011', '2014-03-25 11:03:12', 9, 3),
(683, '0', '2011', '2014-03-25 11:03:12', 9, 4),
(684, '768', '2011', '2014-03-25 11:03:12', 9, 5),
(685, '1939', '2011', '2014-03-25 11:03:12', 9, 6),
(686, '323', '2011', '2014-03-25 11:03:12', 9, 7),
(687, '287', '2011', '2014-03-25 11:03:12', 9, 8),
(688, '984', '2011', '2014-03-25 11:03:12', 9, 9),
(689, '448', '2011', '2014-03-25 11:03:12', 9, 10),
(690, '1413', '2011', '2014-03-25 11:03:12', 9, 11),
(691, '0', '2011', '2014-03-25 11:03:12', 9, 12),
(692, '0', '2011', '2014-03-25 11:03:12', 9, 13),
(693, '0', '2011', '2014-03-25 11:03:12', 9, 14),
(694, '0', '2011', '2014-03-25 11:03:12', 9, 15),
(695, '0', '2011', '2014-03-25 11:03:12', 9, 16),
(696, '0', '2011', '2014-03-25 11:03:12', 9, 17),
(697, '0', '2011', '2014-03-25 11:03:12', 9, 18),
(698, '0', '2011', '2014-03-25 11:03:12', 9, 19),
(699, '0', '2011', '2014-03-25 11:03:12', 9, 20),
(700, '0', '2011', '2014-03-25 11:03:12', 9, 21),
(701, '0', '2011', '2014-03-25 11:03:12', 9, 22),
(702, '0', '2011', '2014-03-25 11:03:12', 9, 23),
(703, '282', '2011', '2014-03-25 11:03:12', 9, 24),
(704, '255', '2011', '2014-03-25 11:03:12', 9, 25),
(705, '537', '2011', '2014-03-25 11:03:12', 9, 26),
(706, '162', '2011', '2014-03-25 11:03:12', 9, 27),
(707, '225', '2011', '2014-03-25 11:03:12', 9, 28),
(708, '109', '2011', '2014-03-25 11:03:12', 9, 29),
(709, '59', '2011', '2014-03-25 11:03:12', 9, 30),
(710, '23', '2011', '2014-03-25 11:03:12', 9, 31),
(711, '49', '2011', '2014-03-25 11:03:12', 9, 32),
(712, '61', '2011', '2014-03-25 11:03:12', 9, 33),
(713, '160', '2011', '2014-03-25 11:03:12', 9, 34),
(714, '175', '2011', '2014-03-25 11:03:12', 9, 35),
(715, '11', '2011', '2014-03-25 11:03:12', 9, 36),
(716, '7', '2011', '2014-03-25 11:03:12', 9, 37),
(717, '4', '2011', '2014-03-25 11:03:12', 9, 38),
(718, '14', '2011', '2014-03-25 11:03:12', 9, 39),
(719, '18', '2011', '2014-03-25 11:03:12', 9, 40),
(720, '13', '2011', '2014-03-25 11:03:12', 9, 41),
(721, '18', '2011', '2014-03-25 11:03:12', 9, 42),
(722, '26', '2011', '2014-03-25 11:03:12', 9, 43),
(723, '17', '2011', '2014-03-25 11:03:12', 9, 44),
(724, '14', '2011', '2014-03-25 11:03:12', 9, 45),
(725, '31', '2011', '2014-03-25 11:03:12', 9, 46),
(726, '10', '2011', '2014-03-25 11:03:12', 9, 47),
(727, '45', '2011', '2014-03-25 11:03:12', 9, 48),
(728, '83', '2011', '2014-03-25 11:03:12', 9, 49),
(729, '29', '2011', '2014-03-25 11:03:12', 9, 50),
(730, '31', '2011', '2014-03-25 11:03:12', 9, 51),
(731, '67', '2011', '2014-03-25 11:03:12', 9, 52),
(732, '53', '2011', '2014-03-25 11:03:12', 9, 53),
(733, '26', '2011', '2014-03-25 11:03:12', 9, 54),
(734, '78', '2011', '2014-03-25 11:03:12', 9, 55),
(735, '24', '2011', '2014-03-25 11:03:12', 9, 56),
(736, '7386', '2011', '2014-03-25 11:03:12', 9, 57),
(737, '87', '2011', '2014-03-25 11:03:12', 9, 58),
(738, '8', '2011', '2014-03-25 11:03:12', 9, 59),
(739, '20', '2011', '2014-03-25 11:03:12', 9, 60),
(740, '4', '2011', '2014-03-25 11:03:12', 9, 61),
(741, '', '2011', '2014-03-25 11:03:12', 9, 62),
(742, '402', '2011', '2014-03-25 11:03:12', 9, 63),
(743, '', '2011', '2014-03-25 11:03:12', 9, 64),
(744, '', '2011', '2014-03-25 11:03:12', 9, 65),
(745, '16', '2011', '2014-03-25 11:03:12', 9, 66),
(746, '6', '2011', '2014-03-25 11:03:12', 9, 67),
(747, '21', '2011', '2014-03-25 11:03:12', 9, 68),
(748, '48', '2011', '2014-03-25 11:03:12', 9, 69),
(749, '25', '2011', '2014-03-25 11:03:12', 9, 70),
(750, '51', '2011', '2014-03-25 11:03:12', 9, 71),
(751, '112', '2011', '2014-03-25 11:03:12', 9, 72),
(752, '139', '2011', '2014-03-25 11:03:12', 9, 73),
(753, '20', '2011', '2014-03-25 11:03:12', 9, 74),
(754, '48', '2011', '2014-03-25 11:03:12', 9, 75),
(755, '23', '2011', '2014-03-25 11:03:12', 9, 76),
(756, '47', '2011', '2014-03-25 11:03:12', 9, 77),
(757, '110', '2011', '2014-03-25 11:03:12', 9, 78),
(758, '139', '2011', '2014-03-25 11:03:12', 9, 79),
(759, '4', '2011', '2014-03-25 11:03:12', 9, 80),
(760, '1', '2011', '2014-03-25 11:03:12', 9, 81),
(761, '0', '2011', '2014-03-25 11:03:12', 9, 82),
(762, '2', '2011', '2014-03-25 11:03:12', 9, 83),
(763, '4', '2011', '2014-03-25 11:03:12', 9, 84),
(764, '2', '2011', '2014-03-25 11:03:12', 9, 85),
(765, '0', '2011', '2014-03-25 11:03:12', 9, 86),
(766, '2', '2011', '2014-03-25 11:03:12', 9, 87),
(767, '0', '2011', '2014-03-25 11:03:12', 9, 88),
(768, '3', '2011', '2014-03-25 11:03:12', 9, 89),
(769, '6', '2011', '2014-03-25 11:03:12', 9, 90),
(770, '31', '2011', '2014-03-25 11:03:12', 9, 91),
(771, '3', '2011', '2014-03-25 11:03:12', 9, 92),
(772, '24', '2011', '2014-03-25 11:03:12', 9, 93),
(773, '83', '2011', '2014-03-25 11:03:12', 9, 94),
(774, '55', '2011', '2014-03-25 11:03:12', 9, 95),
(775, '64', '2011', '2014-03-25 11:03:12', 9, 96),
(776, '123', '2011', '2014-03-25 11:03:12', 9, 97),
(777, '4813', '2011', '2014-03-31 09:25:44', 9, 1),
(778, '1005', '2011', '2014-03-31 09:25:44', 9, 2),
(779, '8', '2011', '2014-03-31 09:25:44', 9, 3),
(780, '0', '2011', '2014-03-31 09:25:44', 9, 4),
(781, '', '2011', '2014-03-31 09:25:44', 9, 5),
(782, '1939', '2011', '2014-03-31 09:25:44', 9, 6),
(783, '323', '2011', '2014-03-31 09:25:44', 9, 7),
(784, '287', '2011', '2014-03-31 09:25:44', 9, 8),
(785, '984', '2011', '2014-03-31 09:25:44', 9, 9),
(786, '448403828', '2011', '2014-03-31 09:25:44', 9, 10),
(787, '1413', '2011', '2014-03-31 09:25:44', 9, 11),
(788, '0', '2011', '2014-03-31 09:25:44', 9, 12),
(789, '0', '2011', '2014-03-31 09:25:44', 9, 13),
(790, '0', '2011', '2014-03-31 09:25:44', 9, 14),
(791, '0', '2011', '2014-03-31 09:25:44', 9, 15),
(792, '0', '2011', '2014-03-31 09:25:44', 9, 16),
(793, '0', '2011', '2014-03-31 09:25:44', 9, 17),
(794, '0', '2011', '2014-03-31 09:25:44', 9, 18),
(795, '0', '2011', '2014-03-31 09:25:44', 9, 19),
(796, '0', '2011', '2014-03-31 09:25:44', 9, 20),
(797, '0', '2011', '2014-03-31 09:25:44', 9, 21),
(798, '0', '2011', '2014-03-31 09:25:44', 9, 22),
(799, '0', '2011', '2014-03-31 09:25:44', 9, 23),
(800, '282', '2011', '2014-03-31 09:25:44', 9, 24),
(801, '255', '2011', '2014-03-31 09:25:44', 9, 25),
(802, '537', '2011', '2014-03-31 09:25:44', 9, 26),
(803, '162', '2011', '2014-03-31 09:25:44', 9, 27),
(804, '225', '2011', '2014-03-31 09:25:44', 9, 28),
(805, '109', '2011', '2014-03-31 09:25:44', 9, 29),
(806, '59', '2011', '2014-03-31 09:25:44', 9, 30),
(807, '23', '2011', '2014-03-31 09:25:44', 9, 31),
(808, '49', '2011', '2014-03-31 09:25:44', 9, 32),
(809, '61', '2011', '2014-03-31 09:25:44', 9, 33),
(810, '160', '2011', '2014-03-31 09:25:44', 9, 34),
(811, '175', '2011', '2014-03-31 09:25:44', 9, 35),
(812, '11', '2011', '2014-03-31 09:25:44', 9, 36),
(813, '7', '2011', '2014-03-31 09:25:44', 9, 37),
(814, '4', '2011', '2014-03-31 09:25:44', 9, 38),
(815, '14', '2011', '2014-03-31 09:25:44', 9, 39),
(816, '18', '2011', '2014-03-31 09:25:44', 9, 40),
(817, '13', '2011', '2014-03-31 09:25:44', 9, 41),
(818, '18', '2011', '2014-03-31 09:25:44', 9, 42),
(819, '26', '2011', '2014-03-31 09:25:44', 9, 43),
(820, '17', '2011', '2014-03-31 09:25:44', 9, 44),
(821, '14', '2011', '2014-03-31 09:25:44', 9, 45),
(822, '31', '2011', '2014-03-31 09:25:44', 9, 46),
(823, '10', '2011', '2014-03-31 09:25:44', 9, 47),
(824, '45', '2011', '2014-03-31 09:25:44', 9, 48),
(825, '83', '2011', '2014-03-31 09:25:44', 9, 49),
(826, '29', '2011', '2014-03-31 09:25:44', 9, 50),
(827, '31', '2011', '2014-03-31 09:25:44', 9, 51),
(828, '67', '2011', '2014-03-31 09:25:44', 9, 52),
(829, '53', '2011', '2014-03-31 09:25:44', 9, 53),
(830, '26', '2011', '2014-03-31 09:25:44', 9, 54),
(831, '78', '2011', '2014-03-31 09:25:44', 9, 55),
(832, '24', '2011', '2014-03-31 09:25:44', 9, 56),
(833, '7386', '2011', '2014-03-31 09:25:44', 9, 57),
(834, '87', '2011', '2014-03-31 09:25:44', 9, 58),
(835, '8', '2011', '2014-03-31 09:25:44', 9, 59),
(836, '20', '2011', '2014-03-31 09:25:44', 9, 60),
(837, '4', '2011', '2014-03-31 09:25:44', 9, 61),
(838, '', '2011', '2014-03-31 09:25:44', 9, 62),
(839, '402', '2011', '2014-03-31 09:25:44', 9, 63),
(840, '', '2011', '2014-03-31 09:25:44', 9, 64),
(841, '', '2011', '2014-03-31 09:25:44', 9, 65),
(842, '16', '2011', '2014-03-31 09:25:44', 9, 66),
(843, '6', '2011', '2014-03-31 09:25:44', 9, 67),
(844, '21', '2011', '2014-03-31 09:25:44', 9, 68),
(845, '48', '2011', '2014-03-31 09:25:44', 9, 69),
(846, '25', '2011', '2014-03-31 09:25:44', 9, 70),
(847, '51', '2011', '2014-03-31 09:25:44', 9, 71),
(848, '112', '2011', '2014-03-31 09:25:44', 9, 72),
(849, '139', '2011', '2014-03-31 09:25:44', 9, 73),
(850, '20', '2011', '2014-03-31 09:25:44', 9, 74),
(851, '48', '2011', '2014-03-31 09:25:44', 9, 75),
(852, '23', '2011', '2014-03-31 09:25:44', 9, 76),
(853, '47', '2011', '2014-03-31 09:25:44', 9, 77),
(854, '110', '2011', '2014-03-31 09:25:44', 9, 78),
(855, '139', '2011', '2014-03-31 09:25:44', 9, 79),
(856, '4', '2011', '2014-03-31 09:25:44', 9, 80),
(857, '1', '2011', '2014-03-31 09:25:44', 9, 81),
(858, '0', '2011', '2014-03-31 09:25:44', 9, 82),
(859, '2', '2011', '2014-03-31 09:25:44', 9, 83),
(860, '4', '2011', '2014-03-31 09:25:44', 9, 84),
(861, '2', '2011', '2014-03-31 09:25:44', 9, 85),
(862, '0', '2011', '2014-03-31 09:25:44', 9, 86),
(863, '2', '2011', '2014-03-31 09:25:44', 9, 87),
(864, '0', '2011', '2014-03-31 09:25:44', 9, 88),
(865, '3', '2011', '2014-03-31 09:25:44', 9, 89),
(866, '6', '2011', '2014-03-31 09:25:44', 9, 90),
(867, '31', '2011', '2014-03-31 09:25:44', 9, 91),
(868, '3', '2011', '2014-03-31 09:25:44', 9, 92),
(869, '24', '2011', '2014-03-31 09:25:44', 9, 93),
(870, '83', '2011', '2014-03-31 09:25:44', 9, 94),
(871, '55', '2011', '2014-03-31 09:25:44', 9, 95),
(872, '64', '2011', '2014-03-31 09:25:44', 9, 96),
(873, '123', '2011', '2014-03-31 09:25:44', 9, 97),
(874, '4813', '2011', '2014-03-31 10:06:12', 9, 1),
(875, '1005', '2011', '2014-03-31 10:06:12', 9, 2),
(876, '8', '2011', '2014-03-31 10:06:12', 9, 3),
(877, '0', '2011', '2014-03-31 10:06:12', 9, 4),
(878, '', '2011', '2014-03-31 10:06:12', 9, 5),
(879, '1939463406', '2011', '2014-03-31 10:06:12', 9, 6),
(880, '322660913', '2011', '2014-03-31 10:06:12', 9, 7),
(881, '286968698', '2011', '2014-03-31 10:06:12', 9, 8),
(882, '984088913', '2011', '2014-03-31 10:06:12', 9, 9),
(883, '448403828', '2011', '2014-03-31 10:06:12', 9, 10),
(884, '1413183729', '2011', '2014-03-31 10:06:12', 9, 11),
(885, '0', '2011', '2014-03-31 10:06:12', 9, 12),
(886, '0', '2011', '2014-03-31 10:06:12', 9, 13),
(887, '0', '2011', '2014-03-31 10:06:12', 9, 14),
(888, '0', '2011', '2014-03-31 10:06:12', 9, 15),
(889, '0', '2011', '2014-03-31 10:06:12', 9, 16),
(890, '0', '2011', '2014-03-31 10:06:12', 9, 17),
(891, '0', '2011', '2014-03-31 10:06:12', 9, 18),
(892, '0', '2011', '2014-03-31 10:06:12', 9, 19),
(893, '0', '2011', '2014-03-31 10:06:12', 9, 20),
(894, '0', '2011', '2014-03-31 10:06:12', 9, 21),
(895, '0', '2011', '2014-03-31 10:06:12', 9, 22),
(896, '0', '2011', '2014-03-31 10:06:12', 9, 23),
(897, '282', '2011', '2014-03-31 10:06:12', 9, 24),
(898, '255', '2011', '2014-03-31 10:06:12', 9, 25),
(899, '537', '2011', '2014-03-31 10:06:12', 9, 26),
(900, '162', '2011', '2014-03-31 10:06:12', 9, 27),
(901, '225', '2011', '2014-03-31 10:06:12', 9, 28),
(902, '109', '2011', '2014-03-31 10:06:12', 9, 29),
(903, '59', '2011', '2014-03-31 10:06:12', 9, 30),
(904, '23', '2011', '2014-03-31 10:06:12', 9, 31),
(905, '49', '2011', '2014-03-31 10:06:12', 9, 32),
(906, '61', '2011', '2014-03-31 10:06:12', 9, 33),
(907, '160', '2011', '2014-03-31 10:06:12', 9, 34),
(908, '175', '2011', '2014-03-31 10:06:12', 9, 35),
(909, '11', '2011', '2014-03-31 10:06:12', 9, 36),
(910, '7', '2011', '2014-03-31 10:06:12', 9, 37),
(911, '4', '2011', '2014-03-31 10:06:12', 9, 38),
(912, '14', '2011', '2014-03-31 10:06:12', 9, 39),
(913, '18', '2011', '2014-03-31 10:06:12', 9, 40),
(914, '13', '2011', '2014-03-31 10:06:12', 9, 41),
(915, '18', '2011', '2014-03-31 10:06:12', 9, 42),
(916, '26', '2011', '2014-03-31 10:06:12', 9, 43),
(917, '17', '2011', '2014-03-31 10:06:12', 9, 44),
(918, '14', '2011', '2014-03-31 10:06:12', 9, 45),
(919, '31', '2011', '2014-03-31 10:06:12', 9, 46),
(920, '10', '2011', '2014-03-31 10:06:12', 9, 47),
(921, '45', '2011', '2014-03-31 10:06:12', 9, 48),
(922, '83', '2011', '2014-03-31 10:06:12', 9, 49),
(923, '29', '2011', '2014-03-31 10:06:12', 9, 50),
(924, '31', '2011', '2014-03-31 10:06:12', 9, 51),
(925, '67', '2011', '2014-03-31 10:06:12', 9, 52),
(926, '53', '2011', '2014-03-31 10:06:12', 9, 53),
(927, '26', '2011', '2014-03-31 10:06:12', 9, 54),
(928, '78', '2011', '2014-03-31 10:06:12', 9, 55),
(929, '24', '2011', '2014-03-31 10:06:12', 9, 56),
(930, '7387', '2011', '2014-03-31 10:06:12', 9, 57),
(931, '87', '2011', '2014-03-31 10:06:12', 9, 58),
(932, '8', '2011', '2014-03-31 10:06:12', 9, 59),
(933, '20', '2011', '2014-03-31 10:06:12', 9, 60),
(934, '4', '2011', '2014-03-31 10:06:12', 9, 61),
(935, '', '2011', '2014-03-31 10:06:12', 9, 62),
(936, '402', '2011', '2014-03-31 10:06:12', 9, 63),
(937, '', '2011', '2014-03-31 10:06:12', 9, 64),
(938, '', '2011', '2014-03-31 10:06:12', 9, 65),
(939, '16', '2011', '2014-03-31 10:06:12', 9, 66),
(940, '6', '2011', '2014-03-31 10:06:12', 9, 67),
(941, '21', '2011', '2014-03-31 10:06:12', 9, 68),
(942, '48', '2011', '2014-03-31 10:06:12', 9, 69),
(943, '25', '2011', '2014-03-31 10:06:12', 9, 70),
(944, '51', '2011', '2014-03-31 10:06:12', 9, 71),
(945, '112', '2011', '2014-03-31 10:06:12', 9, 72),
(946, '139', '2011', '2014-03-31 10:06:12', 9, 73),
(947, '20', '2011', '2014-03-31 10:06:12', 9, 74),
(948, '48', '2011', '2014-03-31 10:06:12', 9, 75),
(949, '23', '2011', '2014-03-31 10:06:12', 9, 76),
(950, '47', '2011', '2014-03-31 10:06:12', 9, 77),
(951, '110', '2011', '2014-03-31 10:06:12', 9, 78),
(952, '139', '2011', '2014-03-31 10:06:12', 9, 79),
(953, '4', '2011', '2014-03-31 10:06:12', 9, 80),
(954, '1', '2011', '2014-03-31 10:06:12', 9, 81),
(955, '0', '2011', '2014-03-31 10:06:12', 9, 82),
(956, '2', '2011', '2014-03-31 10:06:12', 9, 83),
(957, '4', '2011', '2014-03-31 10:06:12', 9, 84),
(958, '2', '2011', '2014-03-31 10:06:12', 9, 85),
(959, '0', '2011', '2014-03-31 10:06:12', 9, 86),
(960, '2', '2011', '2014-03-31 10:06:12', 9, 87),
(961, '0', '2011', '2014-03-31 10:06:12', 9, 88),
(962, '3', '2011', '2014-03-31 10:06:12', 9, 89),
(963, '6', '2011', '2014-03-31 10:06:12', 9, 90),
(964, '31', '2011', '2014-03-31 10:06:12', 9, 91),
(965, '3', '2011', '2014-03-31 10:06:12', 9, 92),
(966, '24', '2011', '2014-03-31 10:06:12', 9, 93),
(967, '83', '2011', '2014-03-31 10:06:12', 9, 94),
(968, '55', '2011', '2014-03-31 10:06:12', 9, 95),
(969, '64', '2011', '2014-03-31 10:06:12', 9, 96),
(970, '123', '2011', '2014-03-31 10:06:12', 9, 97),
(971, '', '2012', '2014-03-31 11:11:25', 9, 1),
(972, '', '2012', '2014-03-31 11:11:25', 9, 2),
(973, '', '2012', '2014-03-31 11:11:25', 9, 3),
(974, '', '2012', '2014-03-31 11:11:25', 9, 4),
(975, '', '2012', '2014-03-31 11:11:25', 9, 5),
(976, '2500', '2012', '2014-03-31 11:11:25', 9, 6),
(977, '411000000', '2012', '2014-03-31 11:11:25', 9, 7),
(978, '348000000', '2012', '2014-03-31 11:11:25', 9, 8),
(979, '830000000', '2012', '2014-03-31 11:11:25', 9, 9),
(980, '493000000', '2012', '2014-03-31 11:11:25', 9, 10),
(981, '1413183729', '2012', '2014-03-31 11:11:25', 9, 11),
(982, '', '2012', '2014-03-31 11:11:25', 9, 12),
(983, '', '2012', '2014-03-31 11:11:25', 9, 13),
(984, '', '2012', '2014-03-31 11:11:25', 9, 14),
(985, '', '2012', '2014-03-31 11:11:25', 9, 15),
(986, '', '2012', '2014-03-31 11:11:25', 9, 16),
(987, '', '2012', '2014-03-31 11:11:25', 9, 17),
(988, '', '2012', '2014-03-31 11:11:25', 9, 18),
(989, '', '2012', '2014-03-31 11:11:25', 9, 19),
(990, '', '2012', '2014-03-31 11:11:25', 9, 20),
(991, '', '2012', '2014-03-31 11:11:25', 9, 21),
(992, '', '2012', '2014-03-31 11:11:25', 9, 22),
(993, '', '2012', '2014-03-31 11:11:25', 9, 23),
(994, '245', '2012', '2014-03-31 11:11:25', 9, 24),
(995, '232', '2012', '2014-03-31 11:11:25', 9, 25),
(996, '', '2012', '2014-03-31 11:11:25', 9, 26),
(997, '', '2012', '2014-03-31 11:11:25', 9, 27),
(998, '', '2012', '2014-03-31 11:11:25', 9, 28),
(999, '', '2012', '2014-03-31 11:11:25', 9, 29),
(1000, '', '2012', '2014-03-31 11:11:25', 9, 30),
(1001, '', '2012', '2014-03-31 11:11:25', 9, 31),
(1002, '', '2012', '2014-03-31 11:11:25', 9, 32),
(1003, '', '2012', '2014-03-31 11:11:25', 9, 33),
(1004, '', '2012', '2014-03-31 11:11:25', 9, 34),
(1005, '', '2012', '2014-03-31 11:11:25', 9, 35),
(1006, '', '2012', '2014-03-31 11:11:25', 9, 36),
(1007, '', '2012', '2014-03-31 11:11:25', 9, 37),
(1008, '', '2012', '2014-03-31 11:11:25', 9, 38),
(1009, '', '2012', '2014-03-31 11:11:25', 9, 39),
(1010, '', '2012', '2014-03-31 11:11:25', 9, 40),
(1011, '', '2012', '2014-03-31 11:11:25', 9, 41),
(1012, '', '2012', '2014-03-31 11:11:25', 9, 42),
(1013, '', '2012', '2014-03-31 11:11:25', 9, 43),
(1014, '', '2012', '2014-03-31 11:11:25', 9, 44),
(1015, '', '2012', '2014-03-31 11:11:25', 9, 45),
(1016, '', '2012', '2014-03-31 11:11:25', 9, 46),
(1017, '', '2012', '2014-03-31 11:11:25', 9, 47),
(1018, '', '2012', '2014-03-31 11:11:25', 9, 48),
(1019, '', '2012', '2014-03-31 11:11:25', 9, 49),
(1020, '', '2012', '2014-03-31 11:11:25', 9, 50),
(1021, '', '2012', '2014-03-31 11:11:25', 9, 51),
(1022, '', '2012', '2014-03-31 11:11:25', 9, 52),
(1023, '', '2012', '2014-03-31 11:11:25', 9, 53),
(1024, '', '2012', '2014-03-31 11:11:25', 9, 54),
(1025, '', '2012', '2014-03-31 11:11:25', 9, 55),
(1026, '', '2012', '2014-03-31 11:11:25', 9, 56),
(1027, '', '2012', '2014-03-31 11:11:25', 9, 57),
(1028, '', '2012', '2014-03-31 11:11:25', 9, 58),
(1029, '', '2012', '2014-03-31 11:11:25', 9, 59),
(1030, '', '2012', '2014-03-31 11:11:25', 9, 60),
(1031, '', '2012', '2014-03-31 11:11:25', 9, 61),
(1032, '', '2012', '2014-03-31 11:11:25', 9, 62),
(1033, '', '2012', '2014-03-31 11:11:25', 9, 63),
(1034, '', '2012', '2014-03-31 11:11:25', 9, 64),
(1035, '', '2012', '2014-03-31 11:11:25', 9, 65),
(1036, '', '2012', '2014-03-31 11:11:25', 9, 66),
(1037, '', '2012', '2014-03-31 11:11:25', 9, 67),
(1038, '', '2012', '2014-03-31 11:11:25', 9, 68),
(1039, '', '2012', '2014-03-31 11:11:25', 9, 69),
(1040, '', '2012', '2014-03-31 11:11:25', 9, 70),
(1041, '', '2012', '2014-03-31 11:11:25', 9, 71),
(1042, '', '2012', '2014-03-31 11:11:25', 9, 72),
(1043, '', '2012', '2014-03-31 11:11:25', 9, 73),
(1044, '', '2012', '2014-03-31 11:11:25', 9, 74),
(1045, '', '2012', '2014-03-31 11:11:25', 9, 75),
(1046, '', '2012', '2014-03-31 11:11:25', 9, 76),
(1047, '', '2012', '2014-03-31 11:11:25', 9, 77),
(1048, '', '2012', '2014-03-31 11:11:25', 9, 78),
(1049, '', '2012', '2014-03-31 11:11:25', 9, 79),
(1050, '', '2012', '2014-03-31 11:11:25', 9, 80),
(1051, '', '2012', '2014-03-31 11:11:25', 9, 81),
(1052, '', '2012', '2014-03-31 11:11:25', 9, 82),
(1053, '', '2012', '2014-03-31 11:11:25', 9, 83),
(1054, '', '2012', '2014-03-31 11:11:25', 9, 84),
(1055, '', '2012', '2014-03-31 11:11:25', 9, 85),
(1056, '', '2012', '2014-03-31 11:11:25', 9, 86),
(1057, '', '2012', '2014-03-31 11:11:25', 9, 87),
(1058, '', '2012', '2014-03-31 11:11:25', 9, 88),
(1059, '', '2012', '2014-03-31 11:11:25', 9, 89),
(1060, '', '2012', '2014-03-31 11:11:25', 9, 90),
(1061, '', '2012', '2014-03-31 11:11:25', 9, 91),
(1062, '', '2012', '2014-03-31 11:11:25', 9, 92),
(1063, '', '2012', '2014-03-31 11:11:25', 9, 93),
(1064, '', '2012', '2014-03-31 11:11:25', 9, 94),
(1065, '', '2012', '2014-03-31 11:11:25', 9, 95),
(1066, '', '2012', '2014-03-31 11:11:25', 9, 96),
(1067, '', '2012', '2014-03-31 11:11:25', 9, 97),
(1068, '', '2012', '2014-03-31 11:14:57', 9, 1),
(1069, '', '2012', '2014-03-31 11:14:57', 9, 2),
(1070, '', '2012', '2014-03-31 11:14:57', 9, 3),
(1071, '', '2012', '2014-03-31 11:14:57', 9, 4),
(1072, '', '2012', '2014-03-31 11:14:57', 9, 5),
(1073, '2500', '2012', '2014-03-31 11:14:57', 9, 6),
(1074, '411000000', '2012', '2014-03-31 11:14:57', 9, 7),
(1075, '348000000', '2012', '2014-03-31 11:14:57', 9, 8),
(1076, '830000000', '2012', '2014-03-31 11:14:57', 9, 9),
(1077, '493000000', '2012', '2014-03-31 11:14:57', 9, 10),
(1078, '1413183729', '2012', '2014-03-31 11:14:57', 9, 11),
(1079, '', '2012', '2014-03-31 11:14:57', 9, 12),
(1080, '', '2012', '2014-03-31 11:14:57', 9, 13),
(1081, '', '2012', '2014-03-31 11:14:57', 9, 14),
(1082, '', '2012', '2014-03-31 11:14:57', 9, 15),
(1083, '', '2012', '2014-03-31 11:14:57', 9, 16),
(1084, '', '2012', '2014-03-31 11:14:57', 9, 17),
(1085, '', '2012', '2014-03-31 11:14:57', 9, 18),
(1086, '', '2012', '2014-03-31 11:14:57', 9, 19),
(1087, '', '2012', '2014-03-31 11:14:57', 9, 20),
(1088, '', '2012', '2014-03-31 11:14:57', 9, 21),
(1089, '', '2012', '2014-03-31 11:14:57', 9, 22),
(1090, '', '2012', '2014-03-31 11:14:57', 9, 23),
(1091, '245', '2012', '2014-03-31 11:14:57', 9, 24),
(1092, '232', '2012', '2014-03-31 11:14:57', 9, 25),
(1093, '477', '2012', '2014-03-31 11:14:57', 9, 26),
(1094, '163', '2012', '2014-03-31 11:14:57', 9, 27),
(1095, '209', '2012', '2014-03-31 11:14:57', 9, 28),
(1096, '86', '2012', '2014-03-31 11:14:57', 9, 29),
(1097, '65', '2012', '2014-03-31 11:14:57', 9, 30),
(1098, '21', '2012', '2014-03-31 11:14:57', 9, 31),
(1099, '40', '2012', '2014-03-31 11:14:57', 9, 32),
(1100, '50', '2012', '2014-03-31 11:14:57', 9, 33),
(1101, '153', '2012', '2014-03-31 11:14:57', 9, 34),
(1102, '137', '2012', '2014-03-31 11:14:57', 9, 35),
(1103, '9', '2012', '2014-03-31 11:14:57', 9, 36),
(1104, '10', '2012', '2014-03-31 11:14:57', 9, 37),
(1105, '2', '2012', '2014-03-31 11:14:57', 9, 38),
(1106, '12', '2012', '2014-03-31 11:14:57', 9, 39),
(1107, '18', '2012', '2014-03-31 11:14:57', 9, 40),
(1108, '10', '2012', '2014-03-31 11:14:57', 9, 41),
(1109, '14', '2012', '2014-03-31 11:14:57', 9, 42),
(1110, '20', '2012', '2014-03-31 11:14:57', 9, 43),
(1111, '15', '2012', '2014-03-31 11:14:57', 9, 44),
(1112, '17', '2012', '2014-03-31 11:14:57', 9, 45),
(1113, '34', '2012', '2014-03-31 11:14:57', 9, 46),
(1114, '9', '2012', '2014-03-31 11:14:57', 9, 47),
(1115, '36', '2012', '2014-03-31 11:14:57', 9, 48),
(1116, '74', '2012', '2014-03-31 11:14:57', 9, 49),
(1117, '23', '2012', '2014-03-31 11:14:57', 9, 50),
(1118, '', '2012', '2014-03-31 11:14:57', 9, 51),
(1119, '', '2012', '2014-03-31 11:14:57', 9, 52),
(1120, '', '2012', '2014-03-31 11:14:57', 9, 53),
(1121, '', '2012', '2014-03-31 11:14:57', 9, 54),
(1122, '', '2012', '2014-03-31 11:14:57', 9, 55),
(1123, '', '2012', '2014-03-31 11:14:57', 9, 56),
(1124, '', '2012', '2014-03-31 11:14:57', 9, 57),
(1125, '', '2012', '2014-03-31 11:14:57', 9, 58),
(1126, '', '2012', '2014-03-31 11:14:57', 9, 59),
(1127, '', '2012', '2014-03-31 11:14:57', 9, 60),
(1128, '', '2012', '2014-03-31 11:14:57', 9, 61),
(1129, '', '2012', '2014-03-31 11:14:57', 9, 62),
(1130, '', '2012', '2014-03-31 11:14:57', 9, 63),
(1131, '', '2012', '2014-03-31 11:14:57', 9, 64),
(1132, '', '2012', '2014-03-31 11:14:57', 9, 65),
(1133, '', '2012', '2014-03-31 11:14:57', 9, 66),
(1134, '', '2012', '2014-03-31 11:14:57', 9, 67),
(1135, '', '2012', '2014-03-31 11:14:57', 9, 68),
(1136, '', '2012', '2014-03-31 11:14:57', 9, 69),
(1137, '', '2012', '2014-03-31 11:14:57', 9, 70),
(1138, '', '2012', '2014-03-31 11:14:57', 9, 71),
(1139, '', '2012', '2014-03-31 11:14:57', 9, 72),
(1140, '', '2012', '2014-03-31 11:14:57', 9, 73),
(1141, '', '2012', '2014-03-31 11:14:57', 9, 74),
(1142, '', '2012', '2014-03-31 11:14:57', 9, 75),
(1143, '', '2012', '2014-03-31 11:14:57', 9, 76),
(1144, '', '2012', '2014-03-31 11:14:57', 9, 77),
(1145, '', '2012', '2014-03-31 11:14:57', 9, 78),
(1146, '', '2012', '2014-03-31 11:14:57', 9, 79),
(1147, '', '2012', '2014-03-31 11:14:57', 9, 80),
(1148, '', '2012', '2014-03-31 11:14:57', 9, 81),
(1149, '', '2012', '2014-03-31 11:14:57', 9, 82),
(1150, '', '2012', '2014-03-31 11:14:57', 9, 83),
(1151, '', '2012', '2014-03-31 11:14:57', 9, 84),
(1152, '', '2012', '2014-03-31 11:14:57', 9, 85),
(1153, '', '2012', '2014-03-31 11:14:57', 9, 86),
(1154, '', '2012', '2014-03-31 11:14:57', 9, 87),
(1155, '', '2012', '2014-03-31 11:14:57', 9, 88),
(1156, '', '2012', '2014-03-31 11:14:57', 9, 89),
(1157, '', '2012', '2014-03-31 11:14:57', 9, 90),
(1158, '', '2012', '2014-03-31 11:14:57', 9, 91),
(1159, '', '2012', '2014-03-31 11:14:57', 9, 92),
(1160, '', '2012', '2014-03-31 11:14:57', 9, 93),
(1161, '', '2012', '2014-03-31 11:14:57', 9, 94),
(1162, '', '2012', '2014-03-31 11:14:57', 9, 95),
(1163, '', '2012', '2014-03-31 11:14:57', 9, 96),
(1164, '', '2012', '2014-03-31 11:14:57', 9, 97),
(1165, '', '2012', '2014-03-31 11:16:56', 9, 1),
(1166, '', '2012', '2014-03-31 11:16:56', 9, 2),
(1167, '', '2012', '2014-03-31 11:16:56', 9, 3),
(1168, '', '2012', '2014-03-31 11:16:56', 9, 4),
(1169, '', '2012', '2014-03-31 11:16:56', 9, 5),
(1170, '2500', '2012', '2014-03-31 11:16:56', 9, 6),
(1171, '411000000', '2012', '2014-03-31 11:16:56', 9, 7),
(1172, '348000000', '2012', '2014-03-31 11:16:56', 9, 8),
(1173, '830000000', '2012', '2014-03-31 11:16:56', 9, 9),
(1174, '493000000', '2012', '2014-03-31 11:16:56', 9, 10),
(1175, '1413183729', '2012', '2014-03-31 11:16:56', 9, 11),
(1176, '', '2012', '2014-03-31 11:16:56', 9, 12),
(1177, '', '2012', '2014-03-31 11:16:56', 9, 13),
(1178, '', '2012', '2014-03-31 11:16:56', 9, 14),
(1179, '', '2012', '2014-03-31 11:16:56', 9, 15),
(1180, '', '2012', '2014-03-31 11:16:56', 9, 16),
(1181, '', '2012', '2014-03-31 11:16:56', 9, 17),
(1182, '', '2012', '2014-03-31 11:16:56', 9, 18),
(1183, '', '2012', '2014-03-31 11:16:56', 9, 19),
(1184, '', '2012', '2014-03-31 11:16:56', 9, 20),
(1185, '', '2012', '2014-03-31 11:16:56', 9, 21),
(1186, '', '2012', '2014-03-31 11:16:56', 9, 22),
(1187, '', '2012', '2014-03-31 11:16:56', 9, 23),
(1188, '245', '2012', '2014-03-31 11:16:56', 9, 24),
(1189, '232', '2012', '2014-03-31 11:16:56', 9, 25),
(1190, '477', '2012', '2014-03-31 11:16:56', 9, 26),
(1191, '163', '2012', '2014-03-31 11:16:56', 9, 27),
(1192, '209', '2012', '2014-03-31 11:16:56', 9, 28),
(1193, '86', '2012', '2014-03-31 11:16:56', 9, 29),
(1194, '65', '2012', '2014-03-31 11:16:56', 9, 30),
(1195, '21', '2012', '2014-03-31 11:16:56', 9, 31),
(1196, '40', '2012', '2014-03-31 11:16:56', 9, 32),
(1197, '50', '2012', '2014-03-31 11:16:56', 9, 33),
(1198, '153', '2012', '2014-03-31 11:16:56', 9, 34),
(1199, '137', '2012', '2014-03-31 11:16:56', 9, 35),
(1200, '9', '2012', '2014-03-31 11:16:56', 9, 36),
(1201, '10', '2012', '2014-03-31 11:16:56', 9, 37),
(1202, '2', '2012', '2014-03-31 11:16:56', 9, 38),
(1203, '12', '2012', '2014-03-31 11:16:56', 9, 39),
(1204, '18', '2012', '2014-03-31 11:16:56', 9, 40),
(1205, '10', '2012', '2014-03-31 11:16:56', 9, 41),
(1206, '14', '2012', '2014-03-31 11:16:56', 9, 42),
(1207, '20', '2012', '2014-03-31 11:16:56', 9, 43),
(1208, '15', '2012', '2014-03-31 11:16:56', 9, 44),
(1209, '17', '2012', '2014-03-31 11:16:56', 9, 45),
(1210, '34', '2012', '2014-03-31 11:16:56', 9, 46),
(1211, '9', '2012', '2014-03-31 11:16:56', 9, 47),
(1212, '36', '2012', '2014-03-31 11:16:56', 9, 48),
(1213, '74', '2012', '2014-03-31 11:16:56', 9, 49),
(1214, '23', '2012', '2014-03-31 11:16:56', 9, 50),
(1215, '27', '2012', '2014-03-31 11:16:56', 9, 51),
(1216, '62', '2012', '2014-03-31 11:16:56', 9, 52),
(1217, '59', '2012', '2014-03-31 11:16:56', 9, 53),
(1218, '20', '2012', '2014-03-31 11:16:56', 9, 54),
(1219, '74', '2012', '2014-03-31 11:16:56', 9, 55),
(1220, '23', '2012', '2014-03-31 11:16:56', 9, 56),
(1221, '8782', '2012', '2014-03-31 11:16:56', 9, 57),
(1222, '', '2012', '2014-03-31 11:16:56', 9, 58),
(1223, '', '2012', '2014-03-31 11:16:56', 9, 59),
(1224, '', '2012', '2014-03-31 11:16:56', 9, 60),
(1225, '', '2012', '2014-03-31 11:16:56', 9, 61),
(1226, '', '2012', '2014-03-31 11:16:56', 9, 62),
(1227, '', '2012', '2014-03-31 11:16:56', 9, 63),
(1228, '', '2012', '2014-03-31 11:16:56', 9, 64),
(1229, '', '2012', '2014-03-31 11:16:56', 9, 65),
(1230, '', '2012', '2014-03-31 11:16:56', 9, 66),
(1231, '', '2012', '2014-03-31 11:16:56', 9, 67),
(1232, '', '2012', '2014-03-31 11:16:56', 9, 68),
(1233, '', '2012', '2014-03-31 11:16:56', 9, 69),
(1234, '', '2012', '2014-03-31 11:16:56', 9, 70),
(1235, '', '2012', '2014-03-31 11:16:56', 9, 71),
(1236, '', '2012', '2014-03-31 11:16:56', 9, 72),
(1237, '', '2012', '2014-03-31 11:16:56', 9, 73),
(1238, '', '2012', '2014-03-31 11:16:56', 9, 74),
(1239, '', '2012', '2014-03-31 11:16:56', 9, 75),
(1240, '', '2012', '2014-03-31 11:16:56', 9, 76),
(1241, '', '2012', '2014-03-31 11:16:56', 9, 77),
(1242, '', '2012', '2014-03-31 11:16:56', 9, 78),
(1243, '', '2012', '2014-03-31 11:16:56', 9, 79),
(1244, '', '2012', '2014-03-31 11:16:56', 9, 80),
(1245, '', '2012', '2014-03-31 11:16:56', 9, 81),
(1246, '', '2012', '2014-03-31 11:16:56', 9, 82),
(1247, '', '2012', '2014-03-31 11:16:56', 9, 83),
(1248, '', '2012', '2014-03-31 11:16:56', 9, 84),
(1249, '', '2012', '2014-03-31 11:16:56', 9, 85),
(1250, '', '2012', '2014-03-31 11:16:56', 9, 86),
(1251, '', '2012', '2014-03-31 11:16:56', 9, 87),
(1252, '', '2012', '2014-03-31 11:16:56', 9, 88),
(1253, '', '2012', '2014-03-31 11:16:56', 9, 89),
(1254, '', '2012', '2014-03-31 11:16:56', 9, 90),
(1255, '', '2012', '2014-03-31 11:16:56', 9, 91),
(1256, '', '2012', '2014-03-31 11:16:56', 9, 92),
(1257, '', '2012', '2014-03-31 11:16:56', 9, 93),
(1258, '', '2012', '2014-03-31 11:16:56', 9, 94),
(1259, '', '2012', '2014-03-31 11:16:56', 9, 95),
(1260, '', '2012', '2014-03-31 11:16:56', 9, 96),
(1261, '', '2012', '2014-03-31 11:16:56', 9, 97),
(1262, '', '2012', '2014-03-31 11:25:04', 9, 1),
(1263, '', '2012', '2014-03-31 11:25:04', 9, 2),
(1264, '', '2012', '2014-03-31 11:25:04', 9, 3),
(1265, '', '2012', '2014-03-31 11:25:04', 9, 4),
(1266, '', '2012', '2014-03-31 11:25:04', 9, 5),
(1267, '2500', '2012', '2014-03-31 11:25:04', 9, 6),
(1268, '411000000', '2012', '2014-03-31 11:25:04', 9, 7),
(1269, '348000000', '2012', '2014-03-31 11:25:04', 9, 8),
(1270, '830000000', '2012', '2014-03-31 11:25:04', 9, 9),
(1271, '493000000', '2012', '2014-03-31 11:25:04', 9, 10),
(1272, '1413183729', '2012', '2014-03-31 11:25:04', 9, 11),
(1273, '', '2012', '2014-03-31 11:25:04', 9, 12),
(1274, '', '2012', '2014-03-31 11:25:04', 9, 13),
(1275, '', '2012', '2014-03-31 11:25:04', 9, 14),
(1276, '', '2012', '2014-03-31 11:25:04', 9, 15),
(1277, '', '2012', '2014-03-31 11:25:04', 9, 16),
(1278, '', '2012', '2014-03-31 11:25:04', 9, 17),
(1279, '', '2012', '2014-03-31 11:25:04', 9, 18),
(1280, '', '2012', '2014-03-31 11:25:04', 9, 19),
(1281, '', '2012', '2014-03-31 11:25:04', 9, 20),
(1282, '', '2012', '2014-03-31 11:25:04', 9, 21),
(1283, '', '2012', '2014-03-31 11:25:04', 9, 22),
(1284, '', '2012', '2014-03-31 11:25:04', 9, 23),
(1285, '245', '2012', '2014-03-31 11:25:04', 9, 24),
(1286, '232', '2012', '2014-03-31 11:25:04', 9, 25),
(1287, '477', '2012', '2014-03-31 11:25:04', 9, 26),
(1288, '163', '2012', '2014-03-31 11:25:04', 9, 27),
(1289, '209', '2012', '2014-03-31 11:25:04', 9, 28),
(1290, '86', '2012', '2014-03-31 11:25:04', 9, 29),
(1291, '65', '2012', '2014-03-31 11:25:04', 9, 30),
(1292, '21', '2012', '2014-03-31 11:25:04', 9, 31),
(1293, '40', '2012', '2014-03-31 11:25:04', 9, 32),
(1294, '50', '2012', '2014-03-31 11:25:04', 9, 33),
(1295, '153', '2012', '2014-03-31 11:25:04', 9, 34),
(1296, '137', '2012', '2014-03-31 11:25:04', 9, 35),
(1297, '9', '2012', '2014-03-31 11:25:04', 9, 36),
(1298, '10', '2012', '2014-03-31 11:25:04', 9, 37),
(1299, '2', '2012', '2014-03-31 11:25:04', 9, 38),
(1300, '12', '2012', '2014-03-31 11:25:04', 9, 39),
(1301, '18', '2012', '2014-03-31 11:25:04', 9, 40),
(1302, '10', '2012', '2014-03-31 11:25:04', 9, 41),
(1303, '14', '2012', '2014-03-31 11:25:04', 9, 42),
(1304, '20', '2012', '2014-03-31 11:25:04', 9, 43),
(1305, '15', '2012', '2014-03-31 11:25:04', 9, 44),
(1306, '17', '2012', '2014-03-31 11:25:04', 9, 45),
(1307, '34', '2012', '2014-03-31 11:25:04', 9, 46),
(1308, '9', '2012', '2014-03-31 11:25:04', 9, 47),
(1309, '36', '2012', '2014-03-31 11:25:04', 9, 48),
(1310, '74', '2012', '2014-03-31 11:25:04', 9, 49),
(1311, '23', '2012', '2014-03-31 11:25:04', 9, 50),
(1312, '27', '2012', '2014-03-31 11:25:04', 9, 51),
(1313, '62', '2012', '2014-03-31 11:25:04', 9, 52),
(1314, '59', '2012', '2014-03-31 11:25:04', 9, 53),
(1315, '20', '2012', '2014-03-31 11:25:04', 9, 54),
(1316, '74', '2012', '2014-03-31 11:25:04', 9, 55),
(1317, '23', '2012', '2014-03-31 11:25:04', 9, 56),
(1318, '8782', '2012', '2014-03-31 11:25:04', 9, 57),
(1319, '', '2012', '2014-03-31 11:25:04', 9, 58),
(1320, '', '2012', '2014-03-31 11:25:04', 9, 59),
(1321, '', '2012', '2014-03-31 11:25:04', 9, 60),
(1322, '', '2012', '2014-03-31 11:25:04', 9, 61),
(1323, '', '2012', '2014-03-31 11:25:04', 9, 62),
(1324, '477', '2012', '2014-03-31 11:25:04', 9, 63),
(1325, '', '2012', '2014-03-31 11:25:04', 9, 64),
(1326, '', '2012', '2014-03-31 11:25:04', 9, 65),
(1327, '14', '2012', '2014-03-31 11:25:04', 9, 66),
(1328, '1', '2012', '2014-03-31 11:25:04', 9, 67),
(1329, '16', '2012', '2014-03-31 11:25:04', 9, 68),
(1330, '49', '2012', '2014-03-31 11:25:04', 9, 69),
(1331, '30', '2012', '2014-03-31 11:25:04', 9, 70),
(1332, '56', '2012', '2014-03-31 11:25:04', 9, 71),
(1333, '126', '2012', '2014-03-31 11:25:04', 9, 72),
(1334, '136', '2012', '2014-03-31 11:25:04', 9, 73),
(1335, '', '2012', '2014-03-31 11:25:04', 9, 74),
(1336, '', '2012', '2014-03-31 11:25:04', 9, 75),
(1337, '', '2012', '2014-03-31 11:25:04', 9, 76),
(1338, '', '2012', '2014-03-31 11:25:04', 9, 77),
(1339, '', '2012', '2014-03-31 11:25:04', 9, 78),
(1340, '', '2012', '2014-03-31 11:25:04', 9, 79),
(1341, '', '2012', '2014-03-31 11:25:04', 9, 80),
(1342, '', '2012', '2014-03-31 11:25:04', 9, 81),
(1343, '', '2012', '2014-03-31 11:25:04', 9, 82),
(1344, '', '2012', '2014-03-31 11:25:04', 9, 83),
(1345, '', '2012', '2014-03-31 11:25:04', 9, 84),
(1346, '', '2012', '2014-03-31 11:25:04', 9, 85),
(1347, '', '2012', '2014-03-31 11:25:04', 9, 86),
(1348, '', '2012', '2014-03-31 11:25:04', 9, 87),
(1349, '', '2012', '2014-03-31 11:25:04', 9, 88),
(1350, '', '2012', '2014-03-31 11:25:04', 9, 89),
(1351, '', '2012', '2014-03-31 11:25:04', 9, 90),
(1352, '', '2012', '2014-03-31 11:25:04', 9, 91),
(1353, '', '2012', '2014-03-31 11:25:04', 9, 92),
(1354, '', '2012', '2014-03-31 11:25:04', 9, 93),
(1355, '', '2012', '2014-03-31 11:25:04', 9, 94),
(1356, '', '2012', '2014-03-31 11:25:04', 9, 95),
(1357, '', '2012', '2014-03-31 11:25:04', 9, 96),
(1358, '', '2012', '2014-03-31 11:25:04', 9, 97),
(1359, '', '2012', '2014-03-31 11:31:05', 9, 1),
(1360, '', '2012', '2014-03-31 11:31:05', 9, 2),
(1361, '', '2012', '2014-03-31 11:31:05', 9, 3),
(1362, '', '2012', '2014-03-31 11:31:05', 9, 4),
(1363, '', '2012', '2014-03-31 11:31:05', 9, 5),
(1364, '2500', '2012', '2014-03-31 11:31:05', 9, 6),
(1365, '411000000', '2012', '2014-03-31 11:31:05', 9, 7),
(1366, '348000000', '2012', '2014-03-31 11:31:05', 9, 8),
(1367, '830000000', '2012', '2014-03-31 11:31:05', 9, 9),
(1368, '493000000', '2012', '2014-03-31 11:31:05', 9, 10),
(1369, '1413183729', '2012', '2014-03-31 11:31:05', 9, 11),
(1370, '', '2012', '2014-03-31 11:31:05', 9, 12),
(1371, '', '2012', '2014-03-31 11:31:05', 9, 13),
(1372, '', '2012', '2014-03-31 11:31:05', 9, 14),
(1373, '', '2012', '2014-03-31 11:31:05', 9, 15),
(1374, '', '2012', '2014-03-31 11:31:05', 9, 16),
(1375, '', '2012', '2014-03-31 11:31:05', 9, 17),
(1376, '', '2012', '2014-03-31 11:31:05', 9, 18),
(1377, '', '2012', '2014-03-31 11:31:05', 9, 19),
(1378, '', '2012', '2014-03-31 11:31:05', 9, 20),
(1379, '', '2012', '2014-03-31 11:31:05', 9, 21),
(1380, '', '2012', '2014-03-31 11:31:05', 9, 22),
(1381, '', '2012', '2014-03-31 11:31:05', 9, 23),
(1382, '245', '2012', '2014-03-31 11:31:05', 9, 24),
(1383, '232', '2012', '2014-03-31 11:31:05', 9, 25),
(1384, '477', '2012', '2014-03-31 11:31:05', 9, 26),
(1385, '163', '2012', '2014-03-31 11:31:05', 9, 27),
(1386, '209', '2012', '2014-03-31 11:31:05', 9, 28),
(1387, '86', '2012', '2014-03-31 11:31:05', 9, 29),
(1388, '65', '2012', '2014-03-31 11:31:05', 9, 30),
(1389, '21', '2012', '2014-03-31 11:31:05', 9, 31),
(1390, '40', '2012', '2014-03-31 11:31:05', 9, 32),
(1391, '50', '2012', '2014-03-31 11:31:05', 9, 33),
(1392, '153', '2012', '2014-03-31 11:31:05', 9, 34),
(1393, '137', '2012', '2014-03-31 11:31:05', 9, 35),
(1394, '9', '2012', '2014-03-31 11:31:05', 9, 36),
(1395, '10', '2012', '2014-03-31 11:31:05', 9, 37),
(1396, '2', '2012', '2014-03-31 11:31:05', 9, 38),
(1397, '12', '2012', '2014-03-31 11:31:05', 9, 39),
(1398, '18', '2012', '2014-03-31 11:31:05', 9, 40),
(1399, '10', '2012', '2014-03-31 11:31:05', 9, 41),
(1400, '14', '2012', '2014-03-31 11:31:05', 9, 42),
(1401, '20', '2012', '2014-03-31 11:31:05', 9, 43),
(1402, '15', '2012', '2014-03-31 11:31:05', 9, 44),
(1403, '17', '2012', '2014-03-31 11:31:05', 9, 45),
(1404, '34', '2012', '2014-03-31 11:31:05', 9, 46),
(1405, '9', '2012', '2014-03-31 11:31:05', 9, 47),
(1406, '36', '2012', '2014-03-31 11:31:05', 9, 48),
(1407, '74', '2012', '2014-03-31 11:31:05', 9, 49),
(1408, '23', '2012', '2014-03-31 11:31:05', 9, 50),
(1409, '27', '2012', '2014-03-31 11:31:05', 9, 51),
(1410, '62', '2012', '2014-03-31 11:31:05', 9, 52);
INSERT INTO `auditoria` (`idauditoria`, `valor`, `anho`, `fecha`, `usuario_idusuario`, `dato_iddato`) VALUES
(1411, '59', '2012', '2014-03-31 11:31:05', 9, 53),
(1412, '20', '2012', '2014-03-31 11:31:05', 9, 54),
(1413, '74', '2012', '2014-03-31 11:31:05', 9, 55),
(1414, '23', '2012', '2014-03-31 11:31:05', 9, 56),
(1415, '8782', '2012', '2014-03-31 11:31:05', 9, 57),
(1416, '', '2012', '2014-03-31 11:31:05', 9, 58),
(1417, '', '2012', '2014-03-31 11:31:05', 9, 59),
(1418, '', '2012', '2014-03-31 11:31:05', 9, 60),
(1419, '', '2012', '2014-03-31 11:31:05', 9, 61),
(1420, '', '2012', '2014-03-31 11:31:05', 9, 62),
(1421, '477', '2012', '2014-03-31 11:31:05', 9, 63),
(1422, '', '2012', '2014-03-31 11:31:05', 9, 64),
(1423, '', '2012', '2014-03-31 11:31:05', 9, 65),
(1424, '14', '2012', '2014-03-31 11:31:05', 9, 66),
(1425, '1', '2012', '2014-03-31 11:31:05', 9, 67),
(1426, '16', '2012', '2014-03-31 11:31:05', 9, 68),
(1427, '49', '2012', '2014-03-31 11:31:05', 9, 69),
(1428, '30', '2012', '2014-03-31 11:31:05', 9, 70),
(1429, '56', '2012', '2014-03-31 11:31:05', 9, 71),
(1430, '126', '2012', '2014-03-31 11:31:05', 9, 72),
(1431, '136', '2012', '2014-03-31 11:31:05', 9, 73),
(1432, '16', '2012', '2014-03-31 11:31:05', 9, 74),
(1433, '49', '2012', '2014-03-31 11:31:05', 9, 75),
(1434, '26', '2012', '2014-03-31 11:31:05', 9, 76),
(1435, '51', '2012', '2014-03-31 11:31:05', 9, 77),
(1436, '121', '2012', '2014-03-31 11:31:05', 9, 78),
(1437, '134', '2012', '2014-03-31 11:31:05', 9, 79),
(1438, '0', '2012', '2014-03-31 11:31:05', 9, 80),
(1439, '0', '2012', '2014-03-31 11:31:05', 9, 81),
(1440, '0', '2012', '2014-03-31 11:31:05', 9, 82),
(1441, '4', '2012', '2014-03-31 11:31:05', 9, 83),
(1442, '5', '2012', '2014-03-31 11:31:05', 9, 84),
(1443, '5', '2012', '2014-03-31 11:31:05', 9, 85),
(1444, '2', '2012', '2014-03-31 11:31:05', 9, 86),
(1445, '1', '2012', '2014-03-31 11:31:05', 9, 87),
(1446, '0', '2012', '2014-03-31 11:31:05', 9, 88),
(1447, '2', '2012', '2014-03-31 11:31:05', 9, 89),
(1448, '5', '2012', '2014-03-31 11:31:05', 9, 90),
(1449, '28', '2012', '2014-03-31 11:31:05', 9, 91),
(1450, '7', '2012', '2014-03-31 11:31:05', 9, 92),
(1451, '28', '2012', '2014-03-31 11:31:05', 9, 93),
(1452, '74', '2012', '2014-03-31 11:31:05', 9, 94),
(1453, '63', '2012', '2014-03-31 11:31:05', 9, 95),
(1454, '68', '2012', '2014-03-31 11:31:05', 9, 96),
(1455, '139', '2012', '2014-03-31 11:31:05', 9, 97),
(1456, '4813', '2011', '2014-03-31 11:49:58', 9, 1),
(1457, '2396', '2011', '2014-03-31 11:49:58', 9, 2),
(1458, '0', '2011', '2014-03-31 11:49:58', 9, 3),
(1459, '0', '2011', '2014-03-31 11:49:58', 9, 4),
(1460, '768394201', '2011', '2014-03-31 11:49:58', 9, 5),
(1461, '1939463406', '2011', '2014-03-31 11:49:58', 9, 6),
(1462, '322660913', '2011', '2014-03-31 11:49:58', 9, 7),
(1463, '286968698', '2011', '2014-03-31 11:49:58', 9, 8),
(1464, '984088913', '2011', '2014-03-31 11:49:58', 9, 9),
(1465, '448403828', '2011', '2014-03-31 11:49:58', 9, 10),
(1466, '1413183729', '2011', '2014-03-31 11:49:58', 9, 11),
(1467, '0', '2011', '2014-03-31 11:49:58', 9, 12),
(1468, '0', '2011', '2014-03-31 11:49:58', 9, 13),
(1469, '0', '2011', '2014-03-31 11:49:58', 9, 14),
(1470, '0', '2011', '2014-03-31 11:49:58', 9, 15),
(1471, '0', '2011', '2014-03-31 11:49:58', 9, 16),
(1472, '0', '2011', '2014-03-31 11:49:58', 9, 17),
(1473, '0', '2011', '2014-03-31 11:49:58', 9, 18),
(1474, '0', '2011', '2014-03-31 11:49:58', 9, 19),
(1475, '0', '2011', '2014-03-31 11:49:58', 9, 20),
(1476, '0', '2011', '2014-03-31 11:49:58', 9, 21),
(1477, '0', '2011', '2014-03-31 11:49:58', 9, 22),
(1478, '0', '2011', '2014-03-31 11:49:58', 9, 23),
(1479, '282', '2011', '2014-03-31 11:49:58', 9, 24),
(1480, '255', '2011', '2014-03-31 11:49:58', 9, 25),
(1481, '537', '2011', '2014-03-31 11:49:58', 9, 26),
(1482, '162', '2011', '2014-03-31 11:49:58', 9, 27),
(1483, '225', '2011', '2014-03-31 11:49:58', 9, 28),
(1484, '109', '2011', '2014-03-31 11:49:58', 9, 29),
(1485, '59', '2011', '2014-03-31 11:49:58', 9, 30),
(1486, '23', '2011', '2014-03-31 11:49:58', 9, 31),
(1487, '49', '2011', '2014-03-31 11:49:58', 9, 32),
(1488, '61', '2011', '2014-03-31 11:49:58', 9, 33),
(1489, '160', '2011', '2014-03-31 11:49:58', 9, 34),
(1490, '175', '2011', '2014-03-31 11:49:58', 9, 35),
(1491, '11', '2011', '2014-03-31 11:49:58', 9, 36),
(1492, '7', '2011', '2014-03-31 11:49:58', 9, 37),
(1493, '4', '2011', '2014-03-31 11:49:58', 9, 38),
(1494, '14', '2011', '2014-03-31 11:49:58', 9, 39),
(1495, '18', '2011', '2014-03-31 11:49:58', 9, 40),
(1496, '13', '2011', '2014-03-31 11:49:58', 9, 41),
(1497, '18', '2011', '2014-03-31 11:49:58', 9, 42),
(1498, '26', '2011', '2014-03-31 11:49:58', 9, 43),
(1499, '17', '2011', '2014-03-31 11:49:58', 9, 44),
(1500, '14', '2011', '2014-03-31 11:49:58', 9, 45),
(1501, '31', '2011', '2014-03-31 11:49:58', 9, 46),
(1502, '10', '2011', '2014-03-31 11:49:58', 9, 47),
(1503, '45', '2011', '2014-03-31 11:49:58', 9, 48),
(1504, '83', '2011', '2014-03-31 11:49:58', 9, 49),
(1505, '29', '2011', '2014-03-31 11:49:58', 9, 50),
(1506, '31', '2011', '2014-03-31 11:49:58', 9, 51),
(1507, '67', '2011', '2014-03-31 11:49:58', 9, 52),
(1508, '53', '2011', '2014-03-31 11:49:58', 9, 53),
(1509, '26', '2011', '2014-03-31 11:49:58', 9, 54),
(1510, '78', '2011', '2014-03-31 11:49:58', 9, 55),
(1511, '24', '2011', '2014-03-31 11:49:58', 9, 56),
(1512, '7387', '2011', '2014-03-31 11:49:58', 9, 57),
(1513, '87', '2011', '2014-03-31 11:49:58', 9, 58),
(1514, '8', '2011', '2014-03-31 11:49:58', 9, 59),
(1515, '20', '2011', '2014-03-31 11:49:58', 9, 60),
(1516, '4', '2011', '2014-03-31 11:49:58', 9, 61),
(1517, '', '2011', '2014-03-31 11:49:58', 9, 62),
(1518, '402', '2011', '2014-03-31 11:49:58', 9, 63),
(1519, '', '2011', '2014-03-31 11:49:58', 9, 64),
(1520, '', '2011', '2014-03-31 11:49:58', 9, 65),
(1521, '16', '2011', '2014-03-31 11:49:58', 9, 66),
(1522, '6', '2011', '2014-03-31 11:49:58', 9, 67),
(1523, '21', '2011', '2014-03-31 11:49:58', 9, 68),
(1524, '48', '2011', '2014-03-31 11:49:58', 9, 69),
(1525, '25', '2011', '2014-03-31 11:49:58', 9, 70),
(1526, '51', '2011', '2014-03-31 11:49:58', 9, 71),
(1527, '112', '2011', '2014-03-31 11:49:58', 9, 72),
(1528, '139', '2011', '2014-03-31 11:49:58', 9, 73),
(1529, '20', '2011', '2014-03-31 11:49:58', 9, 74),
(1530, '48', '2011', '2014-03-31 11:49:58', 9, 75),
(1531, '23', '2011', '2014-03-31 11:49:58', 9, 76),
(1532, '47', '2011', '2014-03-31 11:49:58', 9, 77),
(1533, '110', '2011', '2014-03-31 11:49:58', 9, 78),
(1534, '139', '2011', '2014-03-31 11:49:58', 9, 79),
(1535, '4', '2011', '2014-03-31 11:49:58', 9, 80),
(1536, '1', '2011', '2014-03-31 11:49:58', 9, 81),
(1537, '0', '2011', '2014-03-31 11:49:58', 9, 82),
(1538, '2', '2011', '2014-03-31 11:49:58', 9, 83),
(1539, '4', '2011', '2014-03-31 11:49:58', 9, 84),
(1540, '2', '2011', '2014-03-31 11:49:58', 9, 85),
(1541, '0', '2011', '2014-03-31 11:49:58', 9, 86),
(1542, '2', '2011', '2014-03-31 11:49:58', 9, 87),
(1543, '0', '2011', '2014-03-31 11:49:58', 9, 88),
(1544, '3', '2011', '2014-03-31 11:49:58', 9, 89),
(1545, '6', '2011', '2014-03-31 11:49:58', 9, 90),
(1546, '31', '2011', '2014-03-31 11:49:58', 9, 91),
(1547, '3', '2011', '2014-03-31 11:49:58', 9, 92),
(1548, '24', '2011', '2014-03-31 11:49:58', 9, 93),
(1549, '83', '2011', '2014-03-31 11:49:58', 9, 94),
(1550, '55', '2011', '2014-03-31 11:49:58', 9, 95),
(1551, '64', '2011', '2014-03-31 11:49:58', 9, 96),
(1552, '123', '2011', '2014-03-31 11:49:58', 9, 97),
(1553, '6936', '2012', '2014-03-31 11:52:36', 9, 1),
(1554, '1261699991', '2012', '2014-03-31 11:52:36', 9, 2),
(1555, '0', '2012', '2014-03-31 11:52:36', 9, 3),
(1556, '0', '2012', '2014-03-31 11:52:36', 9, 4),
(1557, '402599995', '2012', '2014-03-31 11:52:36', 9, 5),
(1558, '2500', '2012', '2014-03-31 11:52:36', 9, 6),
(1559, '411000000', '2012', '2014-03-31 11:52:36', 9, 7),
(1560, '348000000', '2012', '2014-03-31 11:52:36', 9, 8),
(1561, '830000000', '2012', '2014-03-31 11:52:36', 9, 9),
(1562, '493000000', '2012', '2014-03-31 11:52:36', 9, 10),
(1563, '1413183729', '2012', '2014-03-31 11:52:36', 9, 11),
(1564, '', '2012', '2014-03-31 11:52:36', 9, 12),
(1565, '', '2012', '2014-03-31 11:52:36', 9, 13),
(1566, '', '2012', '2014-03-31 11:52:36', 9, 14),
(1567, '', '2012', '2014-03-31 11:52:36', 9, 15),
(1568, '', '2012', '2014-03-31 11:52:36', 9, 16),
(1569, '', '2012', '2014-03-31 11:52:36', 9, 17),
(1570, '', '2012', '2014-03-31 11:52:36', 9, 18),
(1571, '', '2012', '2014-03-31 11:52:36', 9, 19),
(1572, '', '2012', '2014-03-31 11:52:36', 9, 20),
(1573, '', '2012', '2014-03-31 11:52:36', 9, 21),
(1574, '', '2012', '2014-03-31 11:52:36', 9, 22),
(1575, '', '2012', '2014-03-31 11:52:36', 9, 23),
(1576, '245', '2012', '2014-03-31 11:52:36', 9, 24),
(1577, '232', '2012', '2014-03-31 11:52:36', 9, 25),
(1578, '477', '2012', '2014-03-31 11:52:36', 9, 26),
(1579, '163', '2012', '2014-03-31 11:52:36', 9, 27),
(1580, '209', '2012', '2014-03-31 11:52:36', 9, 28),
(1581, '86', '2012', '2014-03-31 11:52:36', 9, 29),
(1582, '65', '2012', '2014-03-31 11:52:36', 9, 30),
(1583, '21', '2012', '2014-03-31 11:52:36', 9, 31),
(1584, '40', '2012', '2014-03-31 11:52:36', 9, 32),
(1585, '50', '2012', '2014-03-31 11:52:36', 9, 33),
(1586, '153', '2012', '2014-03-31 11:52:36', 9, 34),
(1587, '137', '2012', '2014-03-31 11:52:36', 9, 35),
(1588, '9', '2012', '2014-03-31 11:52:36', 9, 36),
(1589, '10', '2012', '2014-03-31 11:52:36', 9, 37),
(1590, '2', '2012', '2014-03-31 11:52:36', 9, 38),
(1591, '12', '2012', '2014-03-31 11:52:36', 9, 39),
(1592, '18', '2012', '2014-03-31 11:52:36', 9, 40),
(1593, '10', '2012', '2014-03-31 11:52:36', 9, 41),
(1594, '14', '2012', '2014-03-31 11:52:36', 9, 42),
(1595, '20', '2012', '2014-03-31 11:52:36', 9, 43),
(1596, '15', '2012', '2014-03-31 11:52:36', 9, 44),
(1597, '17', '2012', '2014-03-31 11:52:36', 9, 45),
(1598, '34', '2012', '2014-03-31 11:52:36', 9, 46),
(1599, '9', '2012', '2014-03-31 11:52:36', 9, 47),
(1600, '36', '2012', '2014-03-31 11:52:36', 9, 48),
(1601, '74', '2012', '2014-03-31 11:52:36', 9, 49),
(1602, '23', '2012', '2014-03-31 11:52:36', 9, 50),
(1603, '27', '2012', '2014-03-31 11:52:36', 9, 51),
(1604, '62', '2012', '2014-03-31 11:52:36', 9, 52),
(1605, '59', '2012', '2014-03-31 11:52:36', 9, 53),
(1606, '20', '2012', '2014-03-31 11:52:36', 9, 54),
(1607, '74', '2012', '2014-03-31 11:52:36', 9, 55),
(1608, '23', '2012', '2014-03-31 11:52:36', 9, 56),
(1609, '8782', '2012', '2014-03-31 11:52:36', 9, 57),
(1610, '', '2012', '2014-03-31 11:52:36', 9, 58),
(1611, '', '2012', '2014-03-31 11:52:36', 9, 59),
(1612, '', '2012', '2014-03-31 11:52:36', 9, 60),
(1613, '', '2012', '2014-03-31 11:52:36', 9, 61),
(1614, '', '2012', '2014-03-31 11:52:36', 9, 62),
(1615, '477', '2012', '2014-03-31 11:52:36', 9, 63),
(1616, '', '2012', '2014-03-31 11:52:36', 9, 64),
(1617, '', '2012', '2014-03-31 11:52:36', 9, 65),
(1618, '14', '2012', '2014-03-31 11:52:36', 9, 66),
(1619, '1', '2012', '2014-03-31 11:52:36', 9, 67),
(1620, '16', '2012', '2014-03-31 11:52:36', 9, 68),
(1621, '49', '2012', '2014-03-31 11:52:36', 9, 69),
(1622, '30', '2012', '2014-03-31 11:52:36', 9, 70),
(1623, '56', '2012', '2014-03-31 11:52:36', 9, 71),
(1624, '126', '2012', '2014-03-31 11:52:36', 9, 72),
(1625, '136', '2012', '2014-03-31 11:52:36', 9, 73),
(1626, '16', '2012', '2014-03-31 11:52:36', 9, 74),
(1627, '49', '2012', '2014-03-31 11:52:36', 9, 75),
(1628, '26', '2012', '2014-03-31 11:52:36', 9, 76),
(1629, '51', '2012', '2014-03-31 11:52:36', 9, 77),
(1630, '121', '2012', '2014-03-31 11:52:36', 9, 78),
(1631, '134', '2012', '2014-03-31 11:52:36', 9, 79),
(1632, '0', '2012', '2014-03-31 11:52:36', 9, 80),
(1633, '0', '2012', '2014-03-31 11:52:36', 9, 81),
(1634, '0', '2012', '2014-03-31 11:52:36', 9, 82),
(1635, '4', '2012', '2014-03-31 11:52:36', 9, 83),
(1636, '5', '2012', '2014-03-31 11:52:36', 9, 84),
(1637, '5', '2012', '2014-03-31 11:52:36', 9, 85),
(1638, '2', '2012', '2014-03-31 11:52:36', 9, 86),
(1639, '1', '2012', '2014-03-31 11:52:36', 9, 87),
(1640, '0', '2012', '2014-03-31 11:52:36', 9, 88),
(1641, '2', '2012', '2014-03-31 11:52:36', 9, 89),
(1642, '5', '2012', '2014-03-31 11:52:36', 9, 90),
(1643, '28', '2012', '2014-03-31 11:52:36', 9, 91),
(1644, '7', '2012', '2014-03-31 11:52:36', 9, 92),
(1645, '28', '2012', '2014-03-31 11:52:36', 9, 93),
(1646, '74', '2012', '2014-03-31 11:52:36', 9, 94),
(1647, '63', '2012', '2014-03-31 11:52:36', 9, 95),
(1648, '68', '2012', '2014-03-31 11:52:36', 9, 96),
(1649, '139', '2012', '2014-03-31 11:52:36', 9, 97),
(1650, '40', '2013', '2014-09-29 17:45:34', 6, 1),
(1651, '20', '2013', '2014-09-29 17:45:34', 6, 2),
(1652, '34', '2013', '2014-09-29 17:45:34', 6, 3),
(1653, '35', '2013', '2014-09-29 17:45:34', 6, 4),
(1654, '', '2013', '2014-09-29 17:45:34', 6, 5),
(1655, '34', '2013', '2014-09-29 17:45:34', 6, 6),
(1656, '21', '2013', '2014-09-29 17:45:34', 6, 7),
(1657, '34', '2013', '2014-09-29 17:45:34', 6, 8),
(1658, '65', '2013', '2014-09-29 17:45:34', 6, 9),
(1659, '24', '2013', '2014-09-29 17:45:34', 6, 10),
(1660, '12', '2013', '2014-09-29 17:45:34', 6, 11),
(1661, '34', '2013', '2014-09-29 17:45:34', 6, 12),
(1662, '34', '2013', '2014-09-29 17:45:34', 6, 13),
(1663, '67', '2013', '2014-09-29 17:45:34', 6, 14),
(1664, '43', '2013', '2014-09-29 17:45:34', 6, 15),
(1665, '41', '2013', '2014-09-29 17:45:34', 6, 16),
(1666, '76', '2013', '2014-09-29 17:45:34', 6, 17),
(1667, '7', '2013', '2014-09-29 17:45:34', 6, 18),
(1668, '2', '2013', '2014-09-29 17:45:34', 6, 19),
(1669, '4', '2013', '2014-09-29 17:45:34', 6, 20),
(1670, '6', '2013', '2014-09-29 17:45:34', 6, 21),
(1671, '23', '2013', '2014-09-29 17:45:34', 6, 22),
(1672, '27', '2013', '2014-09-29 17:45:34', 6, 23),
(1673, '500', '2013', '2014-09-29 17:45:34', 6, 24),
(1674, '400', '2013', '2014-09-29 17:45:34', 6, 25),
(1675, '300', '2013', '2014-09-29 17:45:34', 6, 26),
(1676, '600', '2013', '2014-09-29 17:45:34', 6, 27),
(1677, '325', '2013', '2014-09-29 17:45:34', 6, 28),
(1678, '128', '2013', '2014-09-29 17:45:34', 6, 29),
(1679, '100', '2013', '2014-09-29 17:45:34', 6, 30),
(1680, '345', '2013', '2014-09-29 17:45:34', 6, 31),
(1681, '38', '2013', '2014-09-29 17:45:34', 6, 32),
(1682, '276', '2013', '2014-09-29 17:45:34', 6, 33),
(1683, '435', '2013', '2014-09-29 17:45:34', 6, 34),
(1684, '234', '2013', '2014-09-29 17:45:34', 6, 35),
(1685, '536', '2013', '2014-09-29 17:45:34', 6, 36),
(1686, '623', '2013', '2014-09-29 17:45:34', 6, 37),
(1687, '234', '2013', '2014-09-29 17:45:34', 6, 38),
(1688, '153', '2013', '2014-09-29 17:45:34', 6, 39),
(1689, '274', '2013', '2014-09-29 17:45:34', 6, 40),
(1690, '384', '2013', '2014-09-29 17:45:34', 6, 41),
(1691, '315', '2013', '2014-09-29 17:45:34', 6, 42),
(1692, '523', '2013', '2014-09-29 17:45:34', 6, 43),
(1693, '259', '2013', '2014-09-29 17:45:34', 6, 44),
(1694, '382', '2013', '2014-09-29 17:45:34', 6, 45),
(1695, '162', '2013', '2014-09-29 17:45:34', 6, 46),
(1696, '163', '2013', '2014-09-29 17:45:34', 6, 47),
(1697, '154', '2013', '2014-09-29 17:45:34', 6, 48),
(1698, '294', '2013', '2014-09-29 17:45:34', 6, 49),
(1699, '334', '2013', '2014-09-29 17:45:34', 6, 50),
(1700, '163', '2013', '2014-09-29 17:45:34', 6, 51),
(1701, '134', '2013', '2014-09-29 17:45:34', 6, 52),
(1702, '424', '2013', '2014-09-29 17:45:34', 6, 53),
(1703, '231', '2013', '2014-09-29 17:45:34', 6, 54),
(1704, '213', '2013', '2014-09-29 17:45:34', 6, 55),
(1705, '261', '2013', '2014-09-29 17:45:34', 6, 56),
(1706, '800', '2013', '2014-09-29 17:45:34', 6, 57),
(1707, '342', '2013', '2014-09-29 17:45:34', 6, 58),
(1708, '231', '2013', '2014-09-29 17:45:34', 6, 59),
(1709, '314', '2013', '2014-09-29 17:45:34', 6, 60),
(1710, '100', '2013', '2014-09-29 17:45:34', 6, 61),
(1711, '600', '2013', '2014-09-29 17:45:34', 6, 62),
(1712, '200', '2013', '2014-09-29 17:45:34', 6, 63),
(1713, '143', '2013', '2014-09-29 17:45:34', 6, 64),
(1714, '34', '2013', '2014-09-29 17:45:34', 6, 65),
(1715, '1230', '2013', '2014-09-29 17:45:34', 6, 66),
(1716, '132', '2013', '2014-09-29 17:45:34', 6, 67),
(1717, '415', '2013', '2014-09-29 17:45:34', 6, 68),
(1718, '123', '2013', '2014-09-29 17:45:34', 6, 69),
(1719, '156', '2013', '2014-09-29 17:45:34', 6, 70),
(1720, '155', '2013', '2014-09-29 17:45:34', 6, 71),
(1721, '152', '2013', '2014-09-29 17:45:34', 6, 72),
(1722, '156', '2013', '2014-09-29 17:45:34', 6, 73),
(1723, '100', '2013', '2014-09-29 17:45:34', 6, 74),
(1724, '101', '2013', '2014-09-29 17:45:34', 6, 75),
(1725, '103', '2013', '2014-09-29 17:45:34', 6, 76),
(1726, '177', '2013', '2014-09-29 17:45:34', 6, 77),
(1727, '178', '2013', '2014-09-29 17:45:34', 6, 78),
(1728, '179', '2013', '2014-09-29 17:45:34', 6, 79),
(1729, '128', '2013', '2014-09-29 17:45:34', 6, 80),
(1730, '134', '2013', '2014-09-29 17:45:34', 6, 81),
(1731, '141', '2013', '2014-09-29 17:45:34', 6, 82),
(1732, '172', '2013', '2014-09-29 17:45:34', 6, 83),
(1733, '141', '2013', '2014-09-29 17:45:34', 6, 84),
(1734, '142', '2013', '2014-09-29 17:45:34', 6, 85),
(1735, '143', '2013', '2014-09-29 17:45:34', 6, 86),
(1736, '144', '2013', '2014-09-29 17:45:34', 6, 87),
(1737, '147', '2013', '2014-09-29 17:45:34', 6, 88),
(1738, '146', '2013', '2014-09-29 17:45:34', 6, 89),
(1739, '145', '2013', '2014-09-29 17:45:34', 6, 90),
(1740, '144', '2013', '2014-09-29 17:45:34', 6, 91),
(1741, '143', '2013', '2014-09-29 17:45:34', 6, 92),
(1742, '142', '2013', '2014-09-29 17:45:34', 6, 93),
(1743, '141', '2013', '2014-09-29 17:45:34', 6, 94),
(1744, '140', '2013', '2014-09-29 17:45:34', 6, 95),
(1745, '139', '2013', '2014-09-29 17:45:34', 6, 96),
(1746, '138', '2013', '2014-09-29 17:45:34', 6, 97),
(1747, '40', '2013', '2014-10-08 23:02:14', 6, 1),
(1748, '20', '2013', '2014-10-08 23:02:14', 6, 2),
(1749, '34', '2013', '2014-10-08 23:02:14', 6, 3),
(1750, '35', '2013', '2014-10-08 23:02:14', 6, 4),
(1751, '89', '2013', '2014-10-08 23:02:14', 6, 5),
(1752, '34', '2013', '2014-10-08 23:02:14', 6, 6),
(1753, '21', '2013', '2014-10-08 23:02:14', 6, 7),
(1754, '34', '2013', '2014-10-08 23:02:14', 6, 8),
(1755, '65', '2013', '2014-10-08 23:02:14', 6, 9),
(1756, '24', '2013', '2014-10-08 23:02:14', 6, 10),
(1757, '12', '2013', '2014-10-08 23:02:14', 6, 11),
(1758, '34', '2013', '2014-10-08 23:02:14', 6, 12),
(1759, '34', '2013', '2014-10-08 23:02:14', 6, 13),
(1760, '67', '2013', '2014-10-08 23:02:14', 6, 14),
(1761, '43', '2013', '2014-10-08 23:02:14', 6, 15),
(1762, '41', '2013', '2014-10-08 23:02:14', 6, 16),
(1763, '76', '2013', '2014-10-08 23:02:14', 6, 17),
(1764, '7', '2013', '2014-10-08 23:02:14', 6, 18),
(1765, '2', '2013', '2014-10-08 23:02:14', 6, 19),
(1766, '4', '2013', '2014-10-08 23:02:14', 6, 20),
(1767, '6', '2013', '2014-10-08 23:02:14', 6, 21),
(1768, '23', '2013', '2014-10-08 23:02:14', 6, 22),
(1769, '27', '2013', '2014-10-08 23:02:14', 6, 23),
(1770, '500', '2013', '2014-10-08 23:02:14', 6, 24),
(1771, '400', '2013', '2014-10-08 23:02:14', 6, 25),
(1772, '300', '2013', '2014-10-08 23:02:14', 6, 26),
(1773, '600', '2013', '2014-10-08 23:02:14', 6, 27),
(1774, '325', '2013', '2014-10-08 23:02:14', 6, 28),
(1775, '128', '2013', '2014-10-08 23:02:14', 6, 29),
(1776, '100', '2013', '2014-10-08 23:02:14', 6, 30),
(1777, '345', '2013', '2014-10-08 23:02:14', 6, 31),
(1778, '38', '2013', '2014-10-08 23:02:14', 6, 32),
(1779, '276', '2013', '2014-10-08 23:02:14', 6, 33),
(1780, '435', '2013', '2014-10-08 23:02:14', 6, 34),
(1781, '234', '2013', '2014-10-08 23:02:14', 6, 35),
(1782, '536', '2013', '2014-10-08 23:02:14', 6, 36),
(1783, '623', '2013', '2014-10-08 23:02:14', 6, 37),
(1784, '234', '2013', '2014-10-08 23:02:14', 6, 38),
(1785, '153', '2013', '2014-10-08 23:02:14', 6, 39),
(1786, '274', '2013', '2014-10-08 23:02:14', 6, 40),
(1787, '384', '2013', '2014-10-08 23:02:14', 6, 41),
(1788, '315', '2013', '2014-10-08 23:02:14', 6, 42),
(1789, '523', '2013', '2014-10-08 23:02:14', 6, 43),
(1790, '259', '2013', '2014-10-08 23:02:14', 6, 44),
(1791, '382', '2013', '2014-10-08 23:02:14', 6, 45),
(1792, '162', '2013', '2014-10-08 23:02:14', 6, 46),
(1793, '163', '2013', '2014-10-08 23:02:14', 6, 47),
(1794, '154', '2013', '2014-10-08 23:02:14', 6, 48),
(1795, '294', '2013', '2014-10-08 23:02:14', 6, 49),
(1796, '334', '2013', '2014-10-08 23:02:14', 6, 50),
(1797, '163', '2013', '2014-10-08 23:02:14', 6, 51),
(1798, '134', '2013', '2014-10-08 23:02:14', 6, 52),
(1799, '424', '2013', '2014-10-08 23:02:14', 6, 53),
(1800, '231', '2013', '2014-10-08 23:02:14', 6, 54),
(1801, '213', '2013', '2014-10-08 23:02:14', 6, 55),
(1802, '261', '2013', '2014-10-08 23:02:14', 6, 56),
(1803, '800', '2013', '2014-10-08 23:02:14', 6, 57),
(1804, '342', '2013', '2014-10-08 23:02:14', 6, 58),
(1805, '231', '2013', '2014-10-08 23:02:14', 6, 59),
(1806, '314', '2013', '2014-10-08 23:02:14', 6, 60),
(1807, '100', '2013', '2014-10-08 23:02:14', 6, 61),
(1808, '600', '2013', '2014-10-08 23:02:14', 6, 62),
(1809, '200', '2013', '2014-10-08 23:02:14', 6, 63),
(1810, '143', '2013', '2014-10-08 23:02:14', 6, 64),
(1811, '34', '2013', '2014-10-08 23:02:14', 6, 65),
(1812, '1230', '2013', '2014-10-08 23:02:14', 6, 66),
(1813, '132', '2013', '2014-10-08 23:02:14', 6, 67),
(1814, '415', '2013', '2014-10-08 23:02:14', 6, 68),
(1815, '123', '2013', '2014-10-08 23:02:14', 6, 69),
(1816, '156', '2013', '2014-10-08 23:02:14', 6, 70),
(1817, '155', '2013', '2014-10-08 23:02:14', 6, 71),
(1818, '152', '2013', '2014-10-08 23:02:14', 6, 72),
(1819, '156', '2013', '2014-10-08 23:02:14', 6, 73),
(1820, '100', '2013', '2014-10-08 23:02:14', 6, 74),
(1821, '101', '2013', '2014-10-08 23:02:14', 6, 75),
(1822, '103', '2013', '2014-10-08 23:02:14', 6, 76),
(1823, '177', '2013', '2014-10-08 23:02:14', 6, 77),
(1824, '178', '2013', '2014-10-08 23:02:14', 6, 78),
(1825, '179', '2013', '2014-10-08 23:02:14', 6, 79),
(1826, '128', '2013', '2014-10-08 23:02:14', 6, 80),
(1827, '134', '2013', '2014-10-08 23:02:14', 6, 81),
(1828, '141', '2013', '2014-10-08 23:02:14', 6, 82),
(1829, '172', '2013', '2014-10-08 23:02:14', 6, 83),
(1830, '141', '2013', '2014-10-08 23:02:14', 6, 84),
(1831, '142', '2013', '2014-10-08 23:02:14', 6, 85),
(1832, '143', '2013', '2014-10-08 23:02:14', 6, 86),
(1833, '144', '2013', '2014-10-08 23:02:14', 6, 87),
(1834, '147', '2013', '2014-10-08 23:02:14', 6, 88),
(1835, '146', '2013', '2014-10-08 23:02:14', 6, 89),
(1836, '145', '2013', '2014-10-08 23:02:14', 6, 90),
(1837, '144', '2013', '2014-10-08 23:02:14', 6, 91),
(1838, '143', '2013', '2014-10-08 23:02:14', 6, 92),
(1839, '142', '2013', '2014-10-08 23:02:14', 6, 93),
(1840, '141', '2013', '2014-10-08 23:02:14', 6, 94),
(1841, '140', '2013', '2014-10-08 23:02:14', 6, 95),
(1842, '139', '2013', '2014-10-08 23:02:14', 6, 96),
(1843, '138', '2013', '2014-10-08 23:02:14', 6, 97),
(1844, '21', '2014', '2014-10-09 17:11:49', 6, 1),
(1845, '22', '2014', '2014-10-09 17:11:49', 6, 2),
(1846, '23', '2014', '2014-10-09 17:11:49', 6, 3),
(1847, '24', '2014', '2014-10-09 17:11:49', 6, 4),
(1848, '25', '2014', '2014-10-09 17:11:49', 6, 5),
(1849, '26', '2014', '2014-10-09 17:11:49', 6, 6),
(1850, '27', '2014', '2014-10-09 17:11:49', 6, 7),
(1851, '28', '2014', '2014-10-09 17:11:49', 6, 8),
(1852, '29', '2014', '2014-10-09 17:11:49', 6, 9),
(1853, '30', '2014', '2014-10-09 17:11:49', 6, 10),
(1854, '31', '2014', '2014-10-09 17:11:49', 6, 11),
(1855, '32', '2014', '2014-10-09 17:11:49', 6, 12),
(1856, '33', '2014', '2014-10-09 17:11:49', 6, 13),
(1857, '34', '2014', '2014-10-09 17:11:49', 6, 14),
(1858, '35', '2014', '2014-10-09 17:11:49', 6, 15),
(1859, '36', '2014', '2014-10-09 17:11:49', 6, 16),
(1860, '37', '2014', '2014-10-09 17:11:49', 6, 17),
(1861, '38', '2014', '2014-10-09 17:11:49', 6, 18),
(1862, '39', '2014', '2014-10-09 17:11:49', 6, 19),
(1863, '40', '2014', '2014-10-09 17:11:49', 6, 20),
(1864, '41', '2014', '2014-10-09 17:11:49', 6, 21),
(1865, '42', '2014', '2014-10-09 17:11:49', 6, 22),
(1866, '43', '2014', '2014-10-09 17:11:49', 6, 23),
(1867, '44', '2014', '2014-10-09 17:11:49', 6, 24),
(1868, '45', '2014', '2014-10-09 17:11:49', 6, 25),
(1869, '46', '2014', '2014-10-09 17:11:49', 6, 26),
(1870, '47', '2014', '2014-10-09 17:11:49', 6, 27),
(1871, '48', '2014', '2014-10-09 17:11:49', 6, 28),
(1872, '49', '2014', '2014-10-09 17:11:49', 6, 29),
(1873, '50', '2014', '2014-10-09 17:11:49', 6, 30),
(1874, '51', '2014', '2014-10-09 17:11:49', 6, 31),
(1875, '52', '2014', '2014-10-09 17:11:49', 6, 32),
(1876, '53', '2014', '2014-10-09 17:11:49', 6, 33),
(1877, '54', '2014', '2014-10-09 17:11:49', 6, 34),
(1878, '55', '2014', '2014-10-09 17:11:49', 6, 35),
(1879, '56', '2014', '2014-10-09 17:11:49', 6, 36),
(1880, '57', '2014', '2014-10-09 17:11:49', 6, 37),
(1881, '58', '2014', '2014-10-09 17:11:49', 6, 38),
(1882, '59', '2014', '2014-10-09 17:11:49', 6, 39),
(1883, '60', '2014', '2014-10-09 17:11:49', 6, 40),
(1884, '61', '2014', '2014-10-09 17:11:49', 6, 41),
(1885, '62', '2014', '2014-10-09 17:11:49', 6, 42),
(1886, '63', '2014', '2014-10-09 17:11:49', 6, 43),
(1887, '64', '2014', '2014-10-09 17:11:49', 6, 44),
(1888, '65', '2014', '2014-10-09 17:11:49', 6, 45),
(1889, '66', '2014', '2014-10-09 17:11:49', 6, 46),
(1890, '67', '2014', '2014-10-09 17:11:49', 6, 47),
(1891, '68', '2014', '2014-10-09 17:11:49', 6, 48),
(1892, '69', '2014', '2014-10-09 17:11:49', 6, 49),
(1893, '70', '2014', '2014-10-09 17:11:49', 6, 50),
(1894, '71', '2014', '2014-10-09 17:11:49', 6, 51),
(1895, '72', '2014', '2014-10-09 17:11:49', 6, 52),
(1896, '73', '2014', '2014-10-09 17:11:49', 6, 53),
(1897, '74', '2014', '2014-10-09 17:11:49', 6, 54),
(1898, '75', '2014', '2014-10-09 17:11:49', 6, 55),
(1899, '76', '2014', '2014-10-09 17:11:49', 6, 56),
(1900, '77', '2014', '2014-10-09 17:11:49', 6, 57),
(1901, '78', '2014', '2014-10-09 17:11:49', 6, 58),
(1902, '79', '2014', '2014-10-09 17:11:49', 6, 59),
(1903, '80', '2014', '2014-10-09 17:11:49', 6, 60),
(1904, '81', '2014', '2014-10-09 17:11:49', 6, 61),
(1905, '82', '2014', '2014-10-09 17:11:49', 6, 62),
(1906, '83', '2014', '2014-10-09 17:11:49', 6, 63),
(1907, '84', '2014', '2014-10-09 17:11:49', 6, 64),
(1908, '85', '2014', '2014-10-09 17:11:49', 6, 65),
(1909, '86', '2014', '2014-10-09 17:11:49', 6, 66),
(1910, '87', '2014', '2014-10-09 17:11:49', 6, 67),
(1911, '88', '2014', '2014-10-09 17:11:49', 6, 68),
(1912, '89', '2014', '2014-10-09 17:11:49', 6, 69),
(1913, '90', '2014', '2014-10-09 17:11:49', 6, 70),
(1914, '91', '2014', '2014-10-09 17:11:49', 6, 71),
(1915, '92', '2014', '2014-10-09 17:11:49', 6, 72),
(1916, '93', '2014', '2014-10-09 17:11:49', 6, 73),
(1917, '94', '2014', '2014-10-09 17:11:49', 6, 74),
(1918, '95', '2014', '2014-10-09 17:11:49', 6, 75),
(1919, '96', '2014', '2014-10-09 17:11:49', 6, 76),
(1920, '97', '2014', '2014-10-09 17:11:49', 6, 77),
(1921, '98', '2014', '2014-10-09 17:11:49', 6, 78),
(1922, '99', '2014', '2014-10-09 17:11:49', 6, 79),
(1923, '100', '2014', '2014-10-09 17:11:49', 6, 80),
(1924, '101', '2014', '2014-10-09 17:11:49', 6, 81),
(1925, '102', '2014', '2014-10-09 17:11:49', 6, 82),
(1926, '103', '2014', '2014-10-09 17:11:49', 6, 83),
(1927, '104', '2014', '2014-10-09 17:11:49', 6, 84),
(1928, '105', '2014', '2014-10-09 17:11:49', 6, 85),
(1929, '106', '2014', '2014-10-09 17:11:49', 6, 86),
(1930, '107', '2014', '2014-10-09 17:11:49', 6, 87),
(1931, '108', '2014', '2014-10-09 17:11:49', 6, 88),
(1932, '109', '2014', '2014-10-09 17:11:49', 6, 89),
(1933, '110', '2014', '2014-10-09 17:11:49', 6, 90),
(1934, '111', '2014', '2014-10-09 17:11:49', 6, 91),
(1935, '112', '2014', '2014-10-09 17:11:49', 6, 92),
(1936, '113', '2014', '2014-10-09 17:11:49', 6, 93),
(1937, '114', '2014', '2014-10-09 17:11:49', 6, 94),
(1938, '115', '2014', '2014-10-09 17:11:49', 6, 95),
(1939, '116', '2014', '2014-10-09 17:11:49', 6, 96),
(1940, '117', '2014', '2014-10-09 17:11:49', 6, 97);

-- --------------------------------------------------------

--
-- Estructura de tabla para la tabla `dato`
--

CREATE TABLE IF NOT EXISTS `dato` (
`iddato` int(11) NOT NULL,
  `nombre` varchar(45) NOT NULL,
  `descripcion` varchar(135) NOT NULL,
  `desagregado` tinyint(1) NOT NULL,
  `indicador_idindicador` int(11) NOT NULL
) ENGINE=InnoDB  DEFAULT CHARSET=utf8 AUTO_INCREMENT=98 ;

--
-- Volcado de datos para la tabla `dato`
--

INSERT INTO `dato` (`iddato`, `nombre`, `descripcion`, `desagregado`, `indicador_idindicador`) VALUES
(1, 'D1', 'Liquidaciones totales en equipo e infraestructura (interno)', 0, 1),
(2, 'D2', 'Liquidaciones totales en equipo e infraestructura (externo)', 0, 1),
(3, 'D3', 'Gastos de operacion y recurso humano (interno)', 0, 1),
(4, 'D4', 'Gastos de operacion y recurso humano (externo)', 0, 1),
(5, 'D5', 'Fondos provenientes del Fondo del Sistema de CONARE', 0, 4),
(6, 'D6', 'Gastos en inversion (equipo e infraestructura) en Ciencias naturales', 0, 6),
(7, 'D7', 'Gastos en inversion (equipo e infraestructura) en Ingenieria y tecnologia', 0, 6),
(8, 'D8', 'Gastos en inversion (equipo e infraestructura) en Ciencias medicas', 0, 6),
(9, 'D9', 'Gastos en inversion (equipo e infraestructura) en Ciencias agricolas', 0, 6),
(10, 'D10', 'Gastos en inversion (equipo e infraestructura) en Humanidades', 0, 6),
(11, 'D11', 'Gastos en inversion (equipo e infraestructura) en Ciencias Sociales', 0, 6),
(12, 'D12', 'Gastos en operacion en Ciencias naturales', 0, 6),
(13, 'D13', 'Gastos en operacion en Ingenieria y tecnologia', 0, 6),
(14, 'D14', 'Gastos en operacion Ciencias medicas', 0, 6),
(15, 'D15', 'Gastos en operacion en Ciencias agricolas', 0, 6),
(16, 'D16', 'Gastos en operacion en Humanidades', 0, 6),
(17, 'D17', 'Gastos en operacion en Ciencias Sociales', 0, 6),
(18, 'D18', 'Gastos en recurso humano en Ciencias naturales', 0, 6),
(19, 'D19', 'Gastos en recurso humano en Ingenieria y tecnologia', 0, 6),
(20, 'D20', 'Gastos en recurso humano Ciencias medicas', 0, 6),
(21, 'D21', 'Gastos en recurso humano en Ciencias agricolas', 0, 6),
(22, 'D22', 'Gastos en recurso humano Humanidades', 0, 6),
(23, 'D23', 'Gastos en recurso humano en Ciencias Sociales', 0, 6),
(24, 'D24', 'Cantidad de Investigadores participantes (Incluye Ad honorem) masculinos', 0, 7),
(25, 'D25', 'Cantidad de investigadores participantes (Incluye Ad honorem) femeninos', 0, 7),
(26, 'D26', 'Cantidad de investigadores participantes (Incluye Ad honorem)', 0, 8),
(27, 'D27', 'Cantidad de investigadores participantes (Incluye Ad honorem) en grado Bachiller y Licenciatura', 0, 9),
(28, 'D28', 'Cantidad de investigadores participantes (Incluye Ad honorem) en grado Maestria', 0, 9),
(29, 'D29', 'Cantidad de investigadores participantes (Incluye Ad honorem) en grado Doctorado', 0, 9),
(30, 'D30', 'Cantidad de investigadores participantes (Incluye Ad honorem) en Humanidades', 0, 11),
(31, 'D31', 'Cantidad de investigadores participantes (Incluye Ad honorem) en Ingenieria y tecnologia', 0, 11),
(32, 'D32', 'Cantidad de investigadores participantes (Incluye Ad honorem) en Ciencias medicas', 0, 11),
(33, 'D33', 'Cantidad de investigadores participantes (Incluye Ad honorem) en Ciencias agricolas', 0, 11),
(34, 'D34', 'Cantidad de investigadores participantes (Incluye Ad honorem) en Ciencias naturales', 0, 11),
(35, 'D35', 'Cantidad de investigadores participantes (Incluye Ad honorem) en Ciencias sociales', 0, 11),
(36, 'D36', 'Cantidad de investigadores participantes (Incluye Ad honorem) en Ingenieria y tecnologia Grado Bachiller y Licenciatura', 0, 11),
(37, 'D37', 'Cantidad de investigadores participantes (Incluye Ad honorem) en Ingenieria y tecnologia Grado Maestria', 0, 11),
(38, 'D38', 'Cantidad de investigadores participantes (Incluye Ad honorem) en Ingenieria y tecnologia Grado Doctorado', 0, 11),
(39, 'D39', 'Cantidad de investigadores participantes (Incluye Ad honorem) en Ciencias medicas Grado Bachiller y Licenciatura', 0, 11),
(40, 'D40', 'Cantidad de investigadores participantes (Incluye Ad honorem) en Ciencias medicas Grado Maestria', 0, 11),
(41, 'D41', 'Cantidad de investigadores participantes (Incluye Ad honorem) en Ciencias medicas Grado Doctorado', 0, 11),
(42, 'D42', 'Cantidad de investigadores participantes (Incluye Ad honorem) en Ciencias agricolas Grado Bachiller y Licenciatura', 0, 11),
(43, 'D43', 'Cantidad de investigadores participantes (Incluye Ad honorem) en Ciencias agricolas Grado Maestria', 0, 11),
(44, 'D44', 'Cantidad de investigadores participantes (Incluye Ad honorem) en Ciencias agricolas Grado Doctorado', 0, 11),
(45, 'D45', 'Cantidad de investigadores participantes (Incluye Ad honorem) en Humanidades Grado Bachiller y Licenciatura', 0, 11),
(46, 'D46', 'Cantidad de investigadores participantes (Incluye Ad honorem) en Humanidades Grado Maestria', 0, 11),
(47, 'D47', 'Cantidad de investigadores participantes (Incluye Ad honorem) en Humanidades Grado Doctorado', 0, 11),
(48, 'D48', 'Cantidad de investigadores participantes (Incluye Ad honorem) en Ciencias sociales Grado Bachiller y Licenciatura', 0, 11),
(49, 'D49', 'Cantidad de investigadores participantes (Incluye Ad honorem) en Ciencias sociales Grado Maestria', 0, 11),
(50, 'D50', 'Cantidad de investigadores participantes (Incluye Ad honorem) en Ciencias sociales Grado Doctorado', 0, 11),
(51, 'D51', 'Cantidad de investigadores responsables de coordinar  masculinos grado Bachiller y Licenciatura', 0, 12),
(52, 'D52', 'Cantidad de investigadores responsables de coordinar  masculinos grado Maestria', 0, 12),
(53, 'D53', 'Cantidad de investigadores responsables de coordinar  masculinos grado Doctorado', 0, 12),
(54, 'D54', 'Cantidad de investigadores responsables de coordinar  femeninos grado Bachiller y Licenciatura', 0, 12),
(55, 'D55', 'Cantidad de investigadores responsables de coordinar  femeninos grado Maestria', 0, 12),
(56, 'D56', 'Cantidad de investigadores responsables de coordinar  femeninos grado Doctorado', 0, 12),
(57, 'D57', 'Cantidad de horas asignadas a los investigadores activos de las cuatro universidades', 0, 13),
(58, 'D58', 'Cantidad de graduados de los programas de Maestria Academica', 0, 14),
(59, 'D59', 'Cantidad de graduados de los programas de Doctorado', 0, 14),
(60, 'D60', 'Total de programas de Maestria Academica', 0, 15),
(61, 'D61', 'Total de programas de Doctorado', 0, 15),
(62, 'D62', 'Total de proyectos de investigacion vigentes UCR', 0, 16),
(63, 'D63', 'Total de proyectos de investigacion vigentes UNA', 0, 16),
(64, 'D64', 'Total de proyectos de investigacion vigentes ITCR', 0, 16),
(65, 'D65', 'Total de proyectos de investigacion vigentes UNED', 0, 16),
(66, 'D66', 'Cantidad de proyectos de investigacion financiados con Fondos del Sistema', 0, 17),
(67, 'D67', 'Cantidad de proyectos interdisciplinarios', 0, 18),
(68, 'D68', 'Cantidad de proyectos en Ingenieria y tecnologia', 0, 18),
(69, 'D69', 'Cantidad de proyectos en Humanidades', 0, 18),
(70, 'D70', 'Cantidad de proyectos en Ciencias medicas', 0, 18),
(71, 'D71', 'Cantidad de proyectos en Ciencias agricolas', 0, 18),
(72, 'D72', 'Cantidad de proyectos en Ciencias sociales', 0, 18),
(73, 'D73', 'Cantidad de proyectos en Ciencias naturales', 0, 18),
(74, 'D74', 'Cantidad de proyectos en Ingenieria y tecnologia de la sede central', 0, 19),
(75, 'D75', 'Cantidad de proyectos en Humanidades (Artes y Letras) de la sede central', 0, 19),
(76, 'D76', 'Cantidad de proyectos en Ciencias medicas de la sede central', 0, 19),
(77, 'D77', 'Cantidad de proyectos en Ciencias agricolas de la sede central', 0, 19),
(78, 'D78', 'Cantidad de proyectos en Ciencias sociales de la sede central', 0, 19),
(79, 'D79', 'Cantidad de proyectos en Ciencias naturales de la sede central', 0, 19),
(80, 'D80', 'Cantidad de proyectos en Humanidades (Artes y Letras) de la sede central', 0, 19),
(81, 'D81', 'Cantidad de proyectos en Ingenieria y tecnologia de la sede regional', 0, 19),
(82, 'D82', 'Cantidad de proyectos en Humanidades (Artes y Letras) de la sede regional', 0, 19),
(83, 'D83', 'Cantidad de proyectos en Ciencias medicas de la sede regional', 0, 19),
(84, 'D84', 'Cantidad de proyectos en Ciencias agricolas de la sede regional', 0, 19),
(85, 'D85', 'Cantidad de proyectos en Ciencias sociales de la sede regional', 0, 19),
(86, 'D86', 'Cantidad de proyectos en Ciencias naturales de la sede regional', 0, 19),
(87, 'D87', 'Cantidad de proyectos en Humanidades (Artes y Letras) de la sede regional', 0, 19),
(88, 'D88', 'Cantidad de proyectos de exploracion y explotacion del espacio', 0, 20),
(89, 'D89', 'Cantidad de proyectos de produccion  distribucion y utilizacion racional de la tierra', 0, 20),
(90, 'D90', 'Cantidad de proyectos de infraestructura y ordenamiento del territorio', 0, 20),
(91, 'D91', 'Cantidad de proyectos de produccion y tecnologia industrial', 0, 20),
(92, 'D92', 'Cantidad de proyectos de investigacion no orientada', 0, 20),
(93, 'D93', 'Cantidad de proyectos de exploracion y explotacion de la tierra', 0, 20),
(94, 'D94', 'Cantidad de proyectos de control y proteccion del medio ambiente', 0, 20),
(95, 'D95', 'Cantidad de proyectos de proteccion y mejora de la salud humana', 0, 20),
(96, 'D96', 'Cantidad de proyectos de produccion y tecnologia agricola', 0, 20),
(97, 'D97', 'Cantidad de proyectos de estructuras y relaciones sociales', 0, 20);

-- --------------------------------------------------------

--
-- Estructura de tabla para la tabla `dato_anual_universidad`
--

CREATE TABLE IF NOT EXISTS `dato_anual_universidad` (
`iddato_anual_universidad` int(11) NOT NULL,
  `dato_iddato` int(11) NOT NULL,
  `universidad_iduniversidad` int(11) NOT NULL,
  `anho` varchar(45) NOT NULL,
  `valor` varchar(45) NOT NULL
) ENGINE=InnoDB  DEFAULT CHARSET=utf8 AUTO_INCREMENT=1941 ;

--
-- Volcado de datos para la tabla `dato_anual_universidad`
--

INSERT INTO `dato_anual_universidad` (`iddato_anual_universidad`, `dato_iddato`, `universidad_iduniversidad`, `anho`, `valor`) VALUES
(389, 1, 1, '2010', '1'),
(390, 2, 1, '2010', '1'),
(391, 3, 1, '2010', '1'),
(392, 4, 1, '2010', '1'),
(393, 5, 1, '2010', '1233800000'),
(394, 6, 1, '2010', ''),
(395, 7, 1, '2010', ''),
(396, 8, 1, '2010', ''),
(397, 9, 1, '2010', ''),
(398, 10, 1, '2010', ''),
(399, 11, 1, '2010', ''),
(400, 12, 1, '2010', ''),
(401, 13, 1, '2010', ''),
(402, 14, 1, '2010', ''),
(403, 15, 1, '2010', ''),
(404, 16, 1, '2010', ''),
(405, 17, 1, '2010', ''),
(406, 18, 1, '2010', ''),
(407, 19, 1, '2010', ''),
(408, 20, 1, '2010', ''),
(409, 21, 1, '2010', ''),
(410, 22, 1, '2010', ''),
(411, 23, 1, '2010', ''),
(412, 24, 1, '2010', ''),
(413, 25, 1, '2010', ''),
(414, 26, 1, '2010', ''),
(415, 27, 1, '2010', ''),
(416, 28, 1, '2010', ''),
(417, 29, 1, '2010', ''),
(418, 30, 1, '2010', ''),
(419, 31, 1, '2010', ''),
(420, 32, 1, '2010', ''),
(421, 33, 1, '2010', ''),
(422, 34, 1, '2010', ''),
(423, 35, 1, '2010', ''),
(424, 36, 1, '2010', ''),
(425, 37, 1, '2010', ''),
(426, 38, 1, '2010', ''),
(427, 39, 1, '2010', ''),
(428, 40, 1, '2010', ''),
(429, 41, 1, '2010', ''),
(430, 42, 1, '2010', ''),
(431, 43, 1, '2010', ''),
(432, 44, 1, '2010', ''),
(433, 45, 1, '2010', ''),
(434, 46, 1, '2010', ''),
(435, 47, 1, '2010', ''),
(436, 48, 1, '2010', ''),
(437, 49, 1, '2010', ''),
(438, 50, 1, '2010', ''),
(439, 51, 1, '2010', ''),
(440, 52, 1, '2010', ''),
(441, 53, 1, '2010', ''),
(442, 54, 1, '2010', ''),
(443, 55, 1, '2010', ''),
(444, 56, 1, '2010', ''),
(445, 57, 1, '2010', ''),
(446, 58, 1, '2010', ''),
(447, 59, 1, '2010', ''),
(448, 60, 1, '2010', ''),
(449, 61, 1, '2010', ''),
(450, 62, 1, '2010', ''),
(451, 63, 1, '2010', ''),
(452, 64, 1, '2010', ''),
(453, 65, 1, '2010', ''),
(454, 66, 1, '2010', ''),
(455, 67, 1, '2010', ''),
(456, 68, 1, '2010', ''),
(457, 69, 1, '2010', ''),
(458, 70, 1, '2010', ''),
(459, 71, 1, '2010', ''),
(460, 72, 1, '2010', ''),
(461, 73, 1, '2010', ''),
(462, 74, 1, '2010', ''),
(463, 75, 1, '2010', ''),
(464, 76, 1, '2010', ''),
(465, 77, 1, '2010', ''),
(466, 78, 1, '2010', ''),
(467, 79, 1, '2010', ''),
(468, 80, 1, '2010', ''),
(469, 81, 1, '2010', ''),
(470, 82, 1, '2010', ''),
(471, 83, 1, '2010', ''),
(472, 84, 1, '2010', ''),
(473, 85, 1, '2010', ''),
(474, 86, 1, '2010', ''),
(475, 87, 1, '2010', ''),
(476, 88, 1, '2010', ''),
(477, 89, 1, '2010', ''),
(478, 90, 1, '2010', ''),
(479, 91, 1, '2010', ''),
(480, 92, 1, '2010', ''),
(481, 93, 1, '2010', ''),
(482, 94, 1, '2010', ''),
(483, 95, 1, '2010', ''),
(484, 96, 1, '2010', ''),
(485, 97, 1, '2010', ''),
(1456, 1, 1, '2011', '4813'),
(1457, 2, 1, '2011', '2396'),
(1458, 3, 1, '2011', '0'),
(1459, 4, 1, '2011', '0'),
(1460, 5, 1, '2011', '768394201'),
(1461, 6, 1, '2011', '1939463406'),
(1462, 7, 1, '2011', '322660913'),
(1463, 8, 1, '2011', '286968698'),
(1464, 9, 1, '2011', '984088913'),
(1465, 10, 1, '2011', '448403828'),
(1466, 11, 1, '2011', '1413183729'),
(1467, 12, 1, '2011', '0'),
(1468, 13, 1, '2011', '0'),
(1469, 14, 1, '2011', '0'),
(1470, 15, 1, '2011', '0'),
(1471, 16, 1, '2011', '0'),
(1472, 17, 1, '2011', '0'),
(1473, 18, 1, '2011', '0'),
(1474, 19, 1, '2011', '0'),
(1475, 20, 1, '2011', '0'),
(1476, 21, 1, '2011', '0'),
(1477, 22, 1, '2011', '0'),
(1478, 23, 1, '2011', '0'),
(1479, 24, 1, '2011', '282'),
(1480, 25, 1, '2011', '255'),
(1481, 26, 1, '2011', '537'),
(1482, 27, 1, '2011', '162'),
(1483, 28, 1, '2011', '225'),
(1484, 29, 1, '2011', '109'),
(1485, 30, 1, '2011', '59'),
(1486, 31, 1, '2011', '23'),
(1487, 32, 1, '2011', '49'),
(1488, 33, 1, '2011', '61'),
(1489, 34, 1, '2011', '160'),
(1490, 35, 1, '2011', '175'),
(1491, 36, 1, '2011', '11'),
(1492, 37, 1, '2011', '7'),
(1493, 38, 1, '2011', '4'),
(1494, 39, 1, '2011', '14'),
(1495, 40, 1, '2011', '18'),
(1496, 41, 1, '2011', '13'),
(1497, 42, 1, '2011', '18'),
(1498, 43, 1, '2011', '26'),
(1499, 44, 1, '2011', '17'),
(1500, 45, 1, '2011', '14'),
(1501, 46, 1, '2011', '31'),
(1502, 47, 1, '2011', '10'),
(1503, 48, 1, '2011', '45'),
(1504, 49, 1, '2011', '83'),
(1505, 50, 1, '2011', '29'),
(1506, 51, 1, '2011', '31'),
(1507, 52, 1, '2011', '67'),
(1508, 53, 1, '2011', '53'),
(1509, 54, 1, '2011', '26'),
(1510, 55, 1, '2011', '78'),
(1511, 56, 1, '2011', '24'),
(1512, 57, 1, '2011', '7387'),
(1513, 58, 1, '2011', '87'),
(1514, 59, 1, '2011', '8'),
(1515, 60, 1, '2011', '20'),
(1516, 61, 1, '2011', '4'),
(1517, 62, 1, '2011', ''),
(1518, 63, 1, '2011', '402'),
(1519, 64, 1, '2011', ''),
(1520, 65, 1, '2011', ''),
(1521, 66, 1, '2011', '16'),
(1522, 67, 1, '2011', '6'),
(1523, 68, 1, '2011', '21'),
(1524, 69, 1, '2011', '48'),
(1525, 70, 1, '2011', '25'),
(1526, 71, 1, '2011', '51'),
(1527, 72, 1, '2011', '112'),
(1528, 73, 1, '2011', '139'),
(1529, 74, 1, '2011', '20'),
(1530, 75, 1, '2011', '48'),
(1531, 76, 1, '2011', '23'),
(1532, 77, 1, '2011', '47'),
(1533, 78, 1, '2011', '110'),
(1534, 79, 1, '2011', '139'),
(1535, 80, 1, '2011', '4'),
(1536, 81, 1, '2011', '1'),
(1537, 82, 1, '2011', '0'),
(1538, 83, 1, '2011', '2'),
(1539, 84, 1, '2011', '4'),
(1540, 85, 1, '2011', '2'),
(1541, 86, 1, '2011', '0'),
(1542, 87, 1, '2011', '2'),
(1543, 88, 1, '2011', '0'),
(1544, 89, 1, '2011', '3'),
(1545, 90, 1, '2011', '6'),
(1546, 91, 1, '2011', '31'),
(1547, 92, 1, '2011', '3'),
(1548, 93, 1, '2011', '24'),
(1549, 94, 1, '2011', '83'),
(1550, 95, 1, '2011', '55'),
(1551, 96, 1, '2011', '64'),
(1552, 97, 1, '2011', '123'),
(1553, 1, 1, '2012', '6936'),
(1554, 2, 1, '2012', '1261699991'),
(1555, 3, 1, '2012', '0'),
(1556, 4, 1, '2012', '0'),
(1557, 5, 1, '2012', '402599995'),
(1558, 6, 1, '2012', '2500'),
(1559, 7, 1, '2012', '411000000'),
(1560, 8, 1, '2012', '348000000'),
(1561, 9, 1, '2012', '830000000'),
(1562, 10, 1, '2012', '493000000'),
(1563, 11, 1, '2012', '1413183729'),
(1564, 12, 1, '2012', ''),
(1565, 13, 1, '2012', ''),
(1566, 14, 1, '2012', ''),
(1567, 15, 1, '2012', ''),
(1568, 16, 1, '2012', ''),
(1569, 17, 1, '2012', ''),
(1570, 18, 1, '2012', ''),
(1571, 19, 1, '2012', ''),
(1572, 20, 1, '2012', ''),
(1573, 21, 1, '2012', ''),
(1574, 22, 1, '2012', ''),
(1575, 23, 1, '2012', ''),
(1576, 24, 1, '2012', '245'),
(1577, 25, 1, '2012', '232'),
(1578, 26, 1, '2012', '477'),
(1579, 27, 1, '2012', '163'),
(1580, 28, 1, '2012', '209'),
(1581, 29, 1, '2012', '86'),
(1582, 30, 1, '2012', '65'),
(1583, 31, 1, '2012', '21'),
(1584, 32, 1, '2012', '40'),
(1585, 33, 1, '2012', '50'),
(1586, 34, 1, '2012', '153'),
(1587, 35, 1, '2012', '137'),
(1588, 36, 1, '2012', '9'),
(1589, 37, 1, '2012', '10'),
(1590, 38, 1, '2012', '2'),
(1591, 39, 1, '2012', '12'),
(1592, 40, 1, '2012', '18'),
(1593, 41, 1, '2012', '10'),
(1594, 42, 1, '2012', '14'),
(1595, 43, 1, '2012', '20'),
(1596, 44, 1, '2012', '15'),
(1597, 45, 1, '2012', '17'),
(1598, 46, 1, '2012', '34'),
(1599, 47, 1, '2012', '9'),
(1600, 48, 1, '2012', '36'),
(1601, 49, 1, '2012', '74'),
(1602, 50, 1, '2012', '23'),
(1603, 51, 1, '2012', '27'),
(1604, 52, 1, '2012', '62'),
(1605, 53, 1, '2012', '59'),
(1606, 54, 1, '2012', '20'),
(1607, 55, 1, '2012', '74'),
(1608, 56, 1, '2012', '23'),
(1609, 57, 1, '2012', '8782'),
(1610, 58, 1, '2012', ''),
(1611, 59, 1, '2012', ''),
(1612, 60, 1, '2012', ''),
(1613, 61, 1, '2012', ''),
(1614, 62, 1, '2012', ''),
(1615, 63, 1, '2012', '477'),
(1616, 64, 1, '2012', ''),
(1617, 65, 1, '2012', ''),
(1618, 66, 1, '2012', '14'),
(1619, 67, 1, '2012', '1'),
(1620, 68, 1, '2012', '16'),
(1621, 69, 1, '2012', '49'),
(1622, 70, 1, '2012', '30'),
(1623, 71, 1, '2012', '56'),
(1624, 72, 1, '2012', '126'),
(1625, 73, 1, '2012', '136'),
(1626, 74, 1, '2012', '16'),
(1627, 75, 1, '2012', '49'),
(1628, 76, 1, '2012', '26'),
(1629, 77, 1, '2012', '51'),
(1630, 78, 1, '2012', '121'),
(1631, 79, 1, '2012', '134'),
(1632, 80, 1, '2012', '0'),
(1633, 81, 1, '2012', '0'),
(1634, 82, 1, '2012', '0'),
(1635, 83, 1, '2012', '4'),
(1636, 84, 1, '2012', '5'),
(1637, 85, 1, '2012', '5'),
(1638, 86, 1, '2012', '2'),
(1639, 87, 1, '2012', '1'),
(1640, 88, 1, '2012', '0'),
(1641, 89, 1, '2012', '2'),
(1642, 90, 1, '2012', '5'),
(1643, 91, 1, '2012', '28'),
(1644, 92, 1, '2012', '7'),
(1645, 93, 1, '2012', '28'),
(1646, 94, 1, '2012', '74'),
(1647, 95, 1, '2012', '63'),
(1648, 96, 1, '2012', '68'),
(1649, 97, 1, '2012', '139'),
(1747, 1, 2, '2013', '40'),
(1748, 2, 2, '2013', '20'),
(1749, 3, 2, '2013', '34'),
(1750, 4, 2, '2013', '35'),
(1751, 5, 2, '2013', '20'),
(1752, 6, 2, '2013', '34'),
(1753, 7, 2, '2013', '21'),
(1754, 8, 2, '2013', '34'),
(1755, 9, 2, '2013', '65'),
(1756, 10, 2, '2013', '24'),
(1757, 11, 2, '2013', '12'),
(1758, 12, 2, '2013', '34'),
(1759, 13, 2, '2013', '34'),
(1760, 14, 2, '2013', '67'),
(1761, 15, 2, '2013', '43'),
(1762, 16, 2, '2013', '41'),
(1763, 17, 2, '2013', '76'),
(1764, 18, 2, '2013', '7'),
(1765, 19, 2, '2013', '2'),
(1766, 20, 2, '2013', '4'),
(1767, 21, 2, '2013', '6'),
(1768, 22, 2, '2013', '23'),
(1769, 23, 2, '2013', '27'),
(1770, 24, 2, '2013', '500'),
(1771, 25, 2, '2013', '400'),
(1772, 26, 2, '2013', '300'),
(1773, 27, 2, '2013', '600'),
(1774, 28, 2, '2013', '325'),
(1775, 29, 2, '2013', '128'),
(1776, 30, 2, '2013', '100'),
(1777, 31, 2, '2013', '345'),
(1778, 32, 2, '2013', '38'),
(1779, 33, 2, '2013', '276'),
(1780, 34, 2, '2013', '435'),
(1781, 35, 2, '2013', '234'),
(1782, 36, 2, '2013', '536'),
(1783, 37, 2, '2013', '623'),
(1784, 38, 2, '2013', '234'),
(1785, 39, 2, '2013', '153'),
(1786, 40, 2, '2013', '274'),
(1787, 41, 2, '2013', '384'),
(1788, 42, 2, '2013', '315'),
(1789, 43, 2, '2013', '523'),
(1790, 44, 2, '2013', '259'),
(1791, 45, 2, '2013', '382'),
(1792, 46, 2, '2013', '162'),
(1793, 47, 2, '2013', '163'),
(1794, 48, 2, '2013', '154'),
(1795, 49, 2, '2013', '294'),
(1796, 50, 2, '2013', '334'),
(1797, 51, 2, '2013', '163'),
(1798, 52, 2, '2013', '134'),
(1799, 53, 2, '2013', '424'),
(1800, 54, 2, '2013', '231'),
(1801, 55, 2, '2013', '213'),
(1802, 56, 2, '2013', '261'),
(1803, 57, 2, '2013', '800'),
(1804, 58, 2, '2013', '342'),
(1805, 59, 2, '2013', '231'),
(1806, 60, 2, '2013', '314'),
(1807, 61, 2, '2013', '100'),
(1808, 62, 2, '2013', '600'),
(1809, 63, 2, '2013', '200'),
(1810, 64, 2, '2013', '143'),
(1811, 65, 2, '2013', '34'),
(1812, 66, 2, '2013', '1230'),
(1813, 67, 2, '2013', '132'),
(1814, 68, 2, '2013', '415'),
(1815, 69, 2, '2013', '123'),
(1816, 70, 2, '2013', '156'),
(1817, 71, 2, '2013', '155'),
(1818, 72, 2, '2013', '152'),
(1819, 73, 2, '2013', '156'),
(1820, 74, 2, '2013', '100'),
(1821, 75, 2, '2013', '101'),
(1822, 76, 2, '2013', '103'),
(1823, 77, 2, '2013', '177'),
(1824, 78, 2, '2013', '178'),
(1825, 79, 2, '2013', '179'),
(1826, 80, 2, '2013', '128'),
(1827, 81, 2, '2013', '134'),
(1828, 82, 2, '2013', '141'),
(1829, 83, 2, '2013', '172'),
(1830, 84, 2, '2013', '141'),
(1831, 85, 2, '2013', '142'),
(1832, 86, 2, '2013', '143'),
(1833, 87, 2, '2013', '144'),
(1834, 88, 2, '2013', '147'),
(1835, 89, 2, '2013', '146'),
(1836, 90, 2, '2013', '145'),
(1837, 91, 2, '2013', '144'),
(1838, 92, 2, '2013', '143'),
(1839, 93, 2, '2013', '142'),
(1840, 94, 2, '2013', '141'),
(1841, 95, 2, '2013', '140'),
(1842, 96, 2, '2013', '139'),
(1843, 97, 2, '2013', '138'),
(1844, 1, 2, '2014', '21'),
(1845, 2, 2, '2014', '22'),
(1846, 3, 2, '2014', '23'),
(1847, 4, 2, '2014', '24'),
(1848, 5, 2, '2014', '25'),
(1849, 6, 2, '2014', '26'),
(1850, 7, 2, '2014', '27'),
(1851, 8, 2, '2014', '28'),
(1852, 9, 2, '2014', '29'),
(1853, 10, 2, '2014', '30'),
(1854, 11, 2, '2014', '31'),
(1855, 12, 2, '2014', '32'),
(1856, 13, 2, '2014', '33'),
(1857, 14, 2, '2014', '34'),
(1858, 15, 2, '2014', '35'),
(1859, 16, 2, '2014', '36'),
(1860, 17, 2, '2014', '37'),
(1861, 18, 2, '2014', '38'),
(1862, 19, 2, '2014', '39'),
(1863, 20, 2, '2014', '40'),
(1864, 21, 2, '2014', '41'),
(1865, 22, 2, '2014', '42'),
(1866, 23, 2, '2014', '43'),
(1867, 24, 2, '2014', '44'),
(1868, 25, 2, '2014', '45'),
(1869, 26, 2, '2014', '46'),
(1870, 27, 2, '2014', '47'),
(1871, 28, 2, '2014', '48'),
(1872, 29, 2, '2014', '49'),
(1873, 30, 2, '2014', '50'),
(1874, 31, 2, '2014', '51'),
(1875, 32, 2, '2014', '52'),
(1876, 33, 2, '2014', '53'),
(1877, 34, 2, '2014', '54'),
(1878, 35, 2, '2014', '55'),
(1879, 36, 2, '2014', '56'),
(1880, 37, 2, '2014', '57'),
(1881, 38, 2, '2014', '58'),
(1882, 39, 2, '2014', '59'),
(1883, 40, 2, '2014', '60'),
(1884, 41, 2, '2014', '61'),
(1885, 42, 2, '2014', '62'),
(1886, 43, 2, '2014', '63'),
(1887, 44, 2, '2014', '64'),
(1888, 45, 2, '2014', '65'),
(1889, 46, 2, '2014', '66'),
(1890, 47, 2, '2014', '67'),
(1891, 48, 2, '2014', '68'),
(1892, 49, 2, '2014', '69'),
(1893, 50, 2, '2014', '70'),
(1894, 51, 2, '2014', '71'),
(1895, 52, 2, '2014', '72'),
(1896, 53, 2, '2014', '73'),
(1897, 54, 2, '2014', '74'),
(1898, 55, 2, '2014', '75'),
(1899, 56, 2, '2014', '76'),
(1900, 57, 2, '2014', '77'),
(1901, 58, 2, '2014', '78'),
(1902, 59, 2, '2014', '79'),
(1903, 60, 2, '2014', '80'),
(1904, 61, 2, '2014', '81'),
(1905, 62, 2, '2014', '82'),
(1906, 63, 2, '2014', '83'),
(1907, 64, 2, '2014', '84'),
(1908, 65, 2, '2014', '85'),
(1909, 66, 2, '2014', '86'),
(1910, 67, 2, '2014', '87'),
(1911, 68, 2, '2014', '88'),
(1912, 69, 2, '2014', '89'),
(1913, 70, 2, '2014', '90'),
(1914, 71, 2, '2014', '91'),
(1915, 72, 2, '2014', '92'),
(1916, 73, 2, '2014', '93'),
(1917, 74, 2, '2014', '94'),
(1918, 75, 2, '2014', '95'),
(1919, 76, 2, '2014', '96'),
(1920, 77, 2, '2014', '97'),
(1921, 78, 2, '2014', '98'),
(1922, 79, 2, '2014', '99'),
(1923, 80, 2, '2014', '100'),
(1924, 81, 2, '2014', '101'),
(1925, 82, 2, '2014', '102'),
(1926, 83, 2, '2014', '103'),
(1927, 84, 2, '2014', '104'),
(1928, 85, 2, '2014', '105'),
(1929, 86, 2, '2014', '106'),
(1930, 87, 2, '2014', '107'),
(1931, 88, 2, '2014', '108'),
(1932, 89, 2, '2014', '109'),
(1933, 90, 2, '2014', '110'),
(1934, 91, 2, '2014', '111'),
(1935, 92, 2, '2014', '112'),
(1936, 93, 2, '2014', '113'),
(1937, 94, 2, '2014', '114'),
(1938, 95, 2, '2014', '115'),
(1939, 96, 2, '2014', '116'),
(1940, 97, 2, '2014', '117');

-- --------------------------------------------------------

--
-- Estructura de tabla para la tabla `indicador`
--

CREATE TABLE IF NOT EXISTS `indicador` (
`idindicador` int(11) NOT NULL,
  `nombre` varchar(45) NOT NULL,
  `descripcion` varchar(135) NOT NULL,
  `tipo` varchar(45) NOT NULL
) ENGINE=InnoDB  DEFAULT CHARSET=utf8 COMMENT='	' AUTO_INCREMENT=21 ;

--
-- Volcado de datos para la tabla `indicador`
--

INSERT INTO `indicador` (`idindicador`, `nombre`, `descripcion`, `tipo`) VALUES
(1, 'INV001', 'Inversion total en investigacion y desarrollo', 'Insumo'),
(2, 'INV002', 'Financiamiento externo como porcentaje del total de gastos en I+D', 'Insumo'),
(3, 'INV003', 'Financiamiento interno como porcentaje del total de gastos en I+D', 'Insumo'),
(4, 'INV004', 'Fondos del Sistema como porcentaje del financiamiento externo en I+D', 'Insumo'),
(5, 'INV005', 'Fondos del Sistema como porcentaje del total de gastos en I+D', 'Insumo'),
(6, 'INV006', 'Inversion total universitaria en I+D por disciplina', 'Insumo'),
(7, 'RH001', 'Investigadores (as) universitarios (as) activos (as) segun sexo', 'Insumo'),
(8, 'RH002', 'Investigadores (as) universitarios (as) activos (as)', 'Insumo'),
(9, 'RH003', 'Investigadores (as) universitarios (as) activos (as) por grado academico', 'Insumo'),
(10, 'RH004', 'Investigadores (as) universitarios (as) activos (as) por disciplina', 'Insumo'),
(11, 'RH004', 'Investigadores (as) universitarios (as) activos por disciplina segun grado academico', 'Insumo'),
(12, 'RH005', 'Investigadores (as) universitarios (as) activos (as) responsables de proyectos por grado academico y segun sexo', 'Insumo'),
(13, 'RH006', 'Tiempos completos de Investigadores (as) universitarios (as) activos (as)', 'Insumo'),
(14, 'RH007', 'Graduados de programas de Maestria Academica y Doctorado por grado academico', 'Insumo'),
(15, 'INS011', 'Total de programas de maestria academica y doctorado', 'Insumo'),
(16, 'PRC001', 'Total de proyectos de investigacion', 'Proceso'),
(17, 'PRC002', 'Proyectos financiados con fondos del sistema como porcentaje del total de proyectos de investigacion', 'Proceso'),
(18, 'PRC003', 'Total de proyectos de investigacion por disciplina', 'Proceso'),
(19, 'PRC004', 'Total de proyectos de investigacion por disciplina segun sede por area cientifica', 'Proceso'),
(20, 'PRC005', 'Proyectos de investigacion por objetivo socioeconomico', 'Proceso');

-- --------------------------------------------------------

--
-- Estructura de tabla para la tabla `tag`
--

CREATE TABLE IF NOT EXISTS `tag` (
`idtags` int(11) NOT NULL,
  `tag` varchar(45) NOT NULL,
  `indicador_idindicador` int(11) NOT NULL
) ENGINE=InnoDB DEFAULT CHARSET=utf8 AUTO_INCREMENT=1 ;

-- --------------------------------------------------------

--
-- Estructura de tabla para la tabla `tipo_usuario`
--

CREATE TABLE IF NOT EXISTS `tipo_usuario` (
`idtipo_usuario` int(11) NOT NULL,
  `nombre` varchar(45) NOT NULL,
  `descripcion` varchar(90) NOT NULL
) ENGINE=InnoDB  DEFAULT CHARSET=utf8 AUTO_INCREMENT=4 ;

--
-- Volcado de datos para la tabla `tipo_usuario`
--

INSERT INTO `tipo_usuario` (`idtipo_usuario`, `nombre`, `descripcion`) VALUES
(1, 'invitado', 'Usuario sin privilegios.'),
(2, 'editor', 'Usuario que puede ingresar datos.'),
(3, 'administrador', 'Usuario que tiene accesos basicamente a todo');

-- --------------------------------------------------------

--
-- Estructura de tabla para la tabla `universidad`
--

CREATE TABLE IF NOT EXISTS `universidad` (
`iduniversidad` int(11) NOT NULL,
  `nombre` varchar(45) NOT NULL,
  `acronimo` varchar(45) NOT NULL
) ENGINE=InnoDB  DEFAULT CHARSET=utf8 AUTO_INCREMENT=5 ;

--
-- Volcado de datos para la tabla `universidad`
--

INSERT INTO `universidad` (`iduniversidad`, `nombre`, `acronimo`) VALUES
(1, 'Universidad Nacional', 'UNA'),
(2, 'Universidad de Costa Rica', 'UCR'),
(3, 'Universidad Nacional a Distancia', 'UNED'),
(4, 'Instituto Tecnologico de Costa Rica', 'ITCR');

-- --------------------------------------------------------

--
-- Estructura de tabla para la tabla `usuario`
--

CREATE TABLE IF NOT EXISTS `usuario` (
`idusuario` int(11) NOT NULL,
  `nombre` varchar(45) NOT NULL,
  `apellido` varchar(45) NOT NULL,
  `email` varchar(45) NOT NULL,
  `password` varchar(135) NOT NULL,
  `tipo_usuario_idtipo_usuario` int(11) NOT NULL,
  `universidad_iduniversidad` int(11) DEFAULT NULL
) ENGINE=InnoDB  DEFAULT CHARSET=utf8 AUTO_INCREMENT=13 ;

--
-- Volcado de datos para la tabla `usuario`
--

INSERT INTO `usuario` (`idusuario`, `nombre`, `apellido`, `email`, `password`, `tipo_usuario_idtipo_usuario`, `universidad_iduniversidad`) VALUES
(1, 'Admin', 'CONARE', 'admin@ind_ext.com', '21232f297a57a5a743894a0e4a801fc3', 3, NULL),
(6, 'Jose', 'Rodriguez Blanco', 'jose.rodriguezblanco@ucr.ac.cr', '6d506361a8c0b11d4c1b3607407e2ed3', 2, 2),
(7, 'Eduardo', 'Tenorio', 'eduardo.tenorio@ucr.ac.cr', '6d506361a8c0b11d4c1b3607407e2ed3', 2, 2),
(8, 'Esterlyn', 'Quesada', 'equesada@uned.ac.cr', '6d506361a8c0b11d4c1b3607407e2ed3', 2, 3),
(9, 'Harry', 'Alpizar', 'halpizar@una.cr', '6d506361a8c0b11d4c1b3607407e2ed3', 2, 1),
(10, 'Isaías', 'Rivera', 'isrivera@itcr.ac.cr', '64ae90ed8b2124652ed0c6448ad1b1de', 2, 4),
(11, 'Luis', 'Velasquez', 'lgvv06@gmail.com', '6d506361a8c0b11d4c1b3607407e2ed3', 3, NULL),
(12, 'Armando', 'Broncas', 'armando@ucr.ac.cr', '6d506361a8c0b11d4c1b3607407e2ed3', 2, 1);

--
-- Índices para tablas volcadas
--

--
-- Indices de la tabla `acceso`
--
ALTER TABLE `acceso`
 ADD PRIMARY KEY (`idacceso`), ADD UNIQUE KEY `idacceso_UNIQUE` (`idacceso`), ADD KEY `fk_acceso_tipo_usuario1_idx` (`tipo_usuario_idtipo_usuario`);

--
-- Indices de la tabla `auditoria`
--
ALTER TABLE `auditoria`
 ADD PRIMARY KEY (`idauditoria`), ADD UNIQUE KEY `idauditoria_UNIQUE` (`idauditoria`), ADD KEY `fk_auditoria_usuario1_idx` (`usuario_idusuario`), ADD KEY `fk_auditoria_dato1_idx` (`dato_iddato`);

--
-- Indices de la tabla `dato`
--
ALTER TABLE `dato`
 ADD PRIMARY KEY (`iddato`), ADD UNIQUE KEY `iddatos_UNIQUE` (`iddato`), ADD UNIQUE KEY `nombre_UNIQUE` (`nombre`), ADD KEY `fk_dato_indicador1_idx` (`indicador_idindicador`);

--
-- Indices de la tabla `dato_anual_universidad`
--
ALTER TABLE `dato_anual_universidad`
 ADD PRIMARY KEY (`iddato_anual_universidad`), ADD UNIQUE KEY `iddato_anual_universidad_UNIQUE` (`iddato_anual_universidad`), ADD KEY `fk_dato_anual_universidad_dato_idx` (`dato_iddato`), ADD KEY `fk_dato_anual_universidad_universidad1_idx` (`universidad_iduniversidad`);

--
-- Indices de la tabla `indicador`
--
ALTER TABLE `indicador`
 ADD PRIMARY KEY (`idindicador`), ADD UNIQUE KEY `idindicador_UNIQUE` (`idindicador`);

--
-- Indices de la tabla `tag`
--
ALTER TABLE `tag`
 ADD PRIMARY KEY (`idtags`), ADD UNIQUE KEY `idtags_UNIQUE` (`idtags`), ADD KEY `fk_tags_indicador1_idx` (`indicador_idindicador`);

--
-- Indices de la tabla `tipo_usuario`
--
ALTER TABLE `tipo_usuario`
 ADD PRIMARY KEY (`idtipo_usuario`), ADD UNIQUE KEY `idtipo_usuario_UNIQUE` (`idtipo_usuario`), ADD UNIQUE KEY `nombre_UNIQUE` (`nombre`);

--
-- Indices de la tabla `universidad`
--
ALTER TABLE `universidad`
 ADD PRIMARY KEY (`iduniversidad`), ADD UNIQUE KEY `iduniversidad_UNIQUE` (`iduniversidad`), ADD UNIQUE KEY `acronimo_UNIQUE` (`acronimo`);

--
-- Indices de la tabla `usuario`
--
ALTER TABLE `usuario`
 ADD PRIMARY KEY (`idusuario`), ADD UNIQUE KEY `idusuario_UNIQUE` (`idusuario`), ADD KEY `fk_usuario_tipo_usuario1_idx` (`tipo_usuario_idtipo_usuario`), ADD KEY `fk_usuario_universidad1_idx` (`universidad_iduniversidad`);

--
-- AUTO_INCREMENT de las tablas volcadas
--

--
-- AUTO_INCREMENT de la tabla `acceso`
--
ALTER TABLE `acceso`
MODIFY `idacceso` int(11) NOT NULL AUTO_INCREMENT,AUTO_INCREMENT=98;
--
-- AUTO_INCREMENT de la tabla `auditoria`
--
ALTER TABLE `auditoria`
MODIFY `idauditoria` int(11) NOT NULL AUTO_INCREMENT,AUTO_INCREMENT=1941;
--
-- AUTO_INCREMENT de la tabla `dato`
--
ALTER TABLE `dato`
MODIFY `iddato` int(11) NOT NULL AUTO_INCREMENT,AUTO_INCREMENT=98;
--
-- AUTO_INCREMENT de la tabla `dato_anual_universidad`
--
ALTER TABLE `dato_anual_universidad`
MODIFY `iddato_anual_universidad` int(11) NOT NULL AUTO_INCREMENT,AUTO_INCREMENT=1941;
--
-- AUTO_INCREMENT de la tabla `indicador`
--
ALTER TABLE `indicador`
MODIFY `idindicador` int(11) NOT NULL AUTO_INCREMENT,AUTO_INCREMENT=21;
--
-- AUTO_INCREMENT de la tabla `tag`
--
ALTER TABLE `tag`
MODIFY `idtags` int(11) NOT NULL AUTO_INCREMENT;
--
-- AUTO_INCREMENT de la tabla `tipo_usuario`
--
ALTER TABLE `tipo_usuario`
MODIFY `idtipo_usuario` int(11) NOT NULL AUTO_INCREMENT,AUTO_INCREMENT=4;
--
-- AUTO_INCREMENT de la tabla `universidad`
--
ALTER TABLE `universidad`
MODIFY `iduniversidad` int(11) NOT NULL AUTO_INCREMENT,AUTO_INCREMENT=5;
--
-- AUTO_INCREMENT de la tabla `usuario`
--
ALTER TABLE `usuario`
MODIFY `idusuario` int(11) NOT NULL AUTO_INCREMENT,AUTO_INCREMENT=13;
--
-- Restricciones para tablas volcadas
--

--
-- Filtros para la tabla `acceso`
--
ALTER TABLE `acceso`
ADD CONSTRAINT `fk_acceso_tipo_usuario1` FOREIGN KEY (`tipo_usuario_idtipo_usuario`) REFERENCES `tipo_usuario` (`idtipo_usuario`) ON DELETE CASCADE ON UPDATE NO ACTION;

--
-- Filtros para la tabla `auditoria`
--
ALTER TABLE `auditoria`
ADD CONSTRAINT `fk_auditoria_dato1` FOREIGN KEY (`dato_iddato`) REFERENCES `dato` (`iddato`) ON DELETE NO ACTION ON UPDATE NO ACTION,
ADD CONSTRAINT `fk_auditoria_usuario1` FOREIGN KEY (`usuario_idusuario`) REFERENCES `usuario` (`idusuario`) ON DELETE NO ACTION ON UPDATE NO ACTION;

--
-- Filtros para la tabla `dato`
--
ALTER TABLE `dato`
ADD CONSTRAINT `fk_dato_indicador1` FOREIGN KEY (`indicador_idindicador`) REFERENCES `indicador` (`idindicador`) ON DELETE NO ACTION ON UPDATE NO ACTION;

--
-- Filtros para la tabla `dato_anual_universidad`
--
ALTER TABLE `dato_anual_universidad`
ADD CONSTRAINT `fk_dato_anual_universidad_dato` FOREIGN KEY (`dato_iddato`) REFERENCES `dato` (`iddato`) ON DELETE CASCADE ON UPDATE NO ACTION,
ADD CONSTRAINT `fk_dato_anual_universidad_universidad1` FOREIGN KEY (`universidad_iduniversidad`) REFERENCES `universidad` (`iduniversidad`) ON DELETE CASCADE ON UPDATE NO ACTION;

--
-- Filtros para la tabla `tag`
--
ALTER TABLE `tag`
ADD CONSTRAINT `fk_tags_indicador1` FOREIGN KEY (`indicador_idindicador`) REFERENCES `indicador` (`idindicador`) ON DELETE NO ACTION ON UPDATE NO ACTION;

--
-- Filtros para la tabla `usuario`
--
ALTER TABLE `usuario`
ADD CONSTRAINT `fk_usuario_tipo_usuario1` FOREIGN KEY (`tipo_usuario_idtipo_usuario`) REFERENCES `tipo_usuario` (`idtipo_usuario`) ON DELETE CASCADE ON UPDATE NO ACTION,
ADD CONSTRAINT `fk_usuario_universidad1` FOREIGN KEY (`universidad_iduniversidad`) REFERENCES `universidad` (`iduniversidad`) ON DELETE CASCADE ON UPDATE NO ACTION;

/*!40101 SET CHARACTER_SET_CLIENT=@OLD_CHARACTER_SET_CLIENT */;
/*!40101 SET CHARACTER_SET_RESULTS=@OLD_CHARACTER_SET_RESULTS */;
/*!40101 SET COLLATION_CONNECTION=@OLD_COLLATION_CONNECTION */;
